orgunitlevel1,orgunitlevel2,orgunitlevel3,orgunitlevel4,orgunitlevel5,organisationunitid,organisationunitname,organisationunitcode,dataid,dataname,Oct to Dec 2022,Jan to Mar 2023,Apr to Jun 2023
Kenya,West Pokot County,Pokot North Sub County,Alale Ward,Alale Health Centre,PicT9BT2EVv,Alale Health Centre,Keipsl16367,Hyvw9VnZ2ch.QqlHrg6f0Sm,"TX_CURR (N, DSD, Age/Sex/HIVStatus): Receiving ART 15-19, Female, Positive",,,1
Kenya,West Pokot County,Pokot North Sub County,Alale Ward,Alale Health Centre,PicT9BT2EVv,Alale Health Centre,Keipsl16367,Hyvw9VnZ2ch.LyXZybq6Sjf,"TX_CURR (N, DSD, Age/Sex/HIVStatus): Receiving ART 20-24, Female, Positive",4,3,5
Kenya,West Pokot County,Pokot North Sub County,Alale Ward,Alale Health Centre,PicT9BT2EVv,Alale Health Centre,Keipsl16367,Hyvw9VnZ2ch.zqARzn2wVj5,"TX_CURR (N, DSD, Age/Sex/HIVStatus): Receiving ART 25-29, Female, Positive",2,3,2
Kenya,West Pokot County,Pokot North Sub County,Alale Ward,Alale Health Centre,PicT9BT2EVv,Alale Health Centre,Keipsl16367,Hyvw9VnZ2ch.y9LP85d8t4b,"TX_CURR (N, DSD, Age/Sex/HIVStatus): Receiving ART 25-29, Male, Positive",6,4,1
Kenya,West Pokot County,Pokot North Sub County,Alale Ward,Alale Health Centre,PicT9BT2EVv,Alale Health Centre,Keipsl16367,Hyvw9VnZ2ch.Vi8sd7mvZW4,"TX_CURR (N, DSD, Age/Sex/HIVStatus): Receiving ART 30-34, Female, Positive",5,5,8
Kenya,West Pokot County,Pokot North Sub County,Alale Ward,Alale Health Centre,PicT9BT2EVv,Alale Health Centre,Keipsl16367,Hyvw9VnZ2ch.YDzeLL6xf5o,"TX_CURR (N, DSD, Age/Sex/HIVStatus): Receiving ART 30-34, Male, Positive",4,5,3
Kenya,West Pokot County,Pokot North Sub County,Alale Ward,Alale Health Centre,PicT9BT2EVv,Alale Health Centre,Keipsl16367,Hyvw9VnZ2ch.hRq4baaUamW,"TX_CURR (N, DSD, Age/Sex/HIVStatus): Receiving ART 35-39, Female, Positive",5,8,4
Kenya,West Pokot County,Pokot North Sub County,Alale Ward,Alale Health Centre,PicT9BT2EVv,Alale Health Centre,Keipsl16367,Hyvw9VnZ2ch.XcW5HWccYYZ,"TX_CURR (N, DSD, Age/Sex/HIVStatus): Receiving ART 35-39, Male, Positive",5,3,3
Kenya,West Pokot County,Pokot North Sub County,Alale Ward,Alale Health Centre,PicT9BT2EVv,Alale Health Centre,Keipsl16367,Hyvw9VnZ2ch.PEXIFVXGP9S,"TX_CURR (N, DSD, Age/Sex/HIVStatus): Receiving ART 40-44, Female, Positive",5,5,3
Kenya,West Pokot County,Pokot North Sub County,Alale Ward,Alale Health Centre,PicT9BT2EVv,Alale Health Centre,Keipsl16367,Hyvw9VnZ2ch.zouTxRQ0kXP,"TX_CURR (N, DSD, Age/Sex/HIVStatus): Receiving ART 40-44, Male, Positive",6,4,6
Kenya,West Pokot County,Pokot North Sub County,Alale Ward,Alale Health Centre,PicT9BT2EVv,Alale Health Centre,Keipsl16367,Hyvw9VnZ2ch.J8fGj3Iefbc,"TX_CURR (N, DSD, Age/Sex/HIVStatus): Receiving ART 45-49, Female, Positive",8,1,7
Kenya,West Pokot County,Pokot North Sub County,Alale Ward,Alale Health Centre,PicT9BT2EVv,Alale Health Centre,Keipsl16367,Hyvw9VnZ2ch.zUjkTTlva36,"TX_CURR (N, DSD, Age/Sex/HIVStatus): Receiving ART 45-49, Male, Positive",2,8,9
Kenya,West Pokot County,Pokot North Sub County,Alale Ward,Alale Health Centre,PicT9BT2EVv,Alale Health Centre,Keipsl16367,Hyvw9VnZ2ch.VdMgEQkOtuV,"TX_CURR (N, DSD, Age/Sex/HIVStatus): Receiving ART 50-54, Female, Positive",2,1,2
Kenya,West Pokot County,Pokot North Sub County,Alale Ward,Alale Health Centre,PicT9BT2EVv,Alale Health Centre,Keipsl16367,Hyvw9VnZ2ch.i1yTaswn4qW,"TX_CURR (N, DSD, Age/Sex/HIVStatus): Receiving ART 50-54, Male, Positive",,2,3
Kenya,West Pokot County,Pokot North Sub County,Alale Ward,Alale Health Centre,PicT9BT2EVv,Alale Health Centre,Keipsl16367,Hyvw9VnZ2ch.yWgBf6UOK8d,"TX_CURR (N, DSD, Age/Sex/HIVStatus): Receiving ART 55-59, Female, Positive",2,2,2
Kenya,West Pokot County,Pokot North Sub County,Alale Ward,Alale Health Centre,PicT9BT2EVv,Alale Health Centre,Keipsl16367,Hyvw9VnZ2ch.N9EXA1gNh16,"TX_CURR (N, DSD, Age/Sex/HIVStatus): Receiving ART 55-59, Male, Positive",4,1,1
Kenya,West Pokot County,Pokot North Sub County,Alale Ward,Alale Health Centre,PicT9BT2EVv,Alale Health Centre,Keipsl16367,Hyvw9VnZ2ch.ay6Bp2UGIE5,"TX_CURR (N, DSD, Age/Sex/HIVStatus): Receiving ART 60-64, Female, Positive",2,2,1
Kenya,West Pokot County,Pokot North Sub County,Alale Ward,Alale Health Centre,PicT9BT2EVv,Alale Health Centre,Keipsl16367,Hyvw9VnZ2ch.lNnwcd2RT4K,"TX_CURR (N, DSD, Age/Sex/HIVStatus): Receiving ART 60-64, Male, Positive",,,1
Kenya,West Pokot County,Pokot North Sub County,Alale Ward,Alale Health Centre,PicT9BT2EVv,Alale Health Centre,Keipsl16367,Hyvw9VnZ2ch.YOMb0sp9VLV,"TX_CURR (N, DSD, Age/Sex/HIVStatus): Receiving ART 65+, Female, Positive",,1,1
Kenya,West Pokot County,Pokot North Sub County,Alale Ward,Alale Health Centre,PicT9BT2EVv,Alale Health Centre,Keipsl16367,Hyvw9VnZ2ch.Yy619I6uuTP,"TX_CURR (N, DSD, Age/Sex/HIVStatus): Receiving ART 65+, Male, Positive",,1,4
Kenya,West Pokot County,Pokot North Sub County,Alale Ward,Amakuriat Dispensary,f6pRoNrH31Q,Amakuriat Dispensary,Keipsl14198,Hyvw9VnZ2ch.AG0milXShQM,"TX_CURR (N, DSD, Age/Sex/HIVStatus): Receiving ART 10-14, Female, Positive",,,1
Kenya,West Pokot County,Pokot North Sub County,Alale Ward,Amakuriat Dispensary,f6pRoNrH31Q,Amakuriat Dispensary,Keipsl14198,Hyvw9VnZ2ch.tEMe0224zlP,"TX_CURR (N, DSD, Age/Sex/HIVStatus): Receiving ART 10-14, Male, Positive",2,2,1
Kenya,West Pokot County,Pokot North Sub County,Alale Ward,Amakuriat Dispensary,f6pRoNrH31Q,Amakuriat Dispensary,Keipsl14198,Hyvw9VnZ2ch.QqlHrg6f0Sm,"TX_CURR (N, DSD, Age/Sex/HIVStatus): Receiving ART 15-19, Female, Positive",1,1,
Kenya,West Pokot County,Pokot North Sub County,Alale Ward,Amakuriat Dispensary,f6pRoNrH31Q,Amakuriat Dispensary,Keipsl14198,Hyvw9VnZ2ch.LyXZybq6Sjf,"TX_CURR (N, DSD, Age/Sex/HIVStatus): Receiving ART 20-24, Female, Positive",1,4,2
Kenya,West Pokot County,Pokot North Sub County,Alale Ward,Amakuriat Dispensary,f6pRoNrH31Q,Amakuriat Dispensary,Keipsl14198,Hyvw9VnZ2ch.zqARzn2wVj5,"TX_CURR (N, DSD, Age/Sex/HIVStatus): Receiving ART 25-29, Female, Positive",2,2,2
Kenya,West Pokot County,Pokot North Sub County,Alale Ward,Amakuriat Dispensary,f6pRoNrH31Q,Amakuriat Dispensary,Keipsl14198,Hyvw9VnZ2ch.y9LP85d8t4b,"TX_CURR (N, DSD, Age/Sex/HIVStatus): Receiving ART 25-29, Male, Positive",,,1
Kenya,West Pokot County,Pokot North Sub County,Alale Ward,Amakuriat Dispensary,f6pRoNrH31Q,Amakuriat Dispensary,Keipsl14198,Hyvw9VnZ2ch.Vi8sd7mvZW4,"TX_CURR (N, DSD, Age/Sex/HIVStatus): Receiving ART 30-34, Female, Positive",3,3,5
Kenya,West Pokot County,Pokot North Sub County,Alale Ward,Amakuriat Dispensary,f6pRoNrH31Q,Amakuriat Dispensary,Keipsl14198,Hyvw9VnZ2ch.YDzeLL6xf5o,"TX_CURR (N, DSD, Age/Sex/HIVStatus): Receiving ART 30-34, Male, Positive",1,1,
Kenya,West Pokot County,Pokot North Sub County,Alale Ward,Amakuriat Dispensary,f6pRoNrH31Q,Amakuriat Dispensary,Keipsl14198,Hyvw9VnZ2ch.hRq4baaUamW,"TX_CURR (N, DSD, Age/Sex/HIVStatus): Receiving ART 35-39, Female, Positive",3,5,1
Kenya,West Pokot County,Pokot North Sub County,Alale Ward,Amakuriat Dispensary,f6pRoNrH31Q,Amakuriat Dispensary,Keipsl14198,Hyvw9VnZ2ch.XcW5HWccYYZ,"TX_CURR (N, DSD, Age/Sex/HIVStatus): Receiving ART 35-39, Male, Positive",2,2,1
Kenya,West Pokot County,Pokot North Sub County,Alale Ward,Amakuriat Dispensary,f6pRoNrH31Q,Amakuriat Dispensary,Keipsl14198,Hyvw9VnZ2ch.PEXIFVXGP9S,"TX_CURR (N, DSD, Age/Sex/HIVStatus): Receiving ART 40-44, Female, Positive",5,3,4
Kenya,West Pokot County,Pokot North Sub County,Alale Ward,Amakuriat Dispensary,f6pRoNrH31Q,Amakuriat Dispensary,Keipsl14198,Hyvw9VnZ2ch.zouTxRQ0kXP,"TX_CURR (N, DSD, Age/Sex/HIVStatus): Receiving ART 40-44, Male, Positive",5,2,1
Kenya,West Pokot County,Pokot North Sub County,Alale Ward,Amakuriat Dispensary,f6pRoNrH31Q,Amakuriat Dispensary,Keipsl14198,Hyvw9VnZ2ch.J8fGj3Iefbc,"TX_CURR (N, DSD, Age/Sex/HIVStatus): Receiving ART 45-49, Female, Positive",3,3,3
Kenya,West Pokot County,Pokot North Sub County,Alale Ward,Amakuriat Dispensary,f6pRoNrH31Q,Amakuriat Dispensary,Keipsl14198,Hyvw9VnZ2ch.zUjkTTlva36,"TX_CURR (N, DSD, Age/Sex/HIVStatus): Receiving ART 45-49, Male, Positive",4,2,5
Kenya,West Pokot County,Pokot North Sub County,Alale Ward,Amakuriat Dispensary,f6pRoNrH31Q,Amakuriat Dispensary,Keipsl14198,Hyvw9VnZ2ch.VdMgEQkOtuV,"TX_CURR (N, DSD, Age/Sex/HIVStatus): Receiving ART 50-54, Female, Positive",3,3,5
Kenya,West Pokot County,Pokot North Sub County,Alale Ward,Amakuriat Dispensary,f6pRoNrH31Q,Amakuriat Dispensary,Keipsl14198,Hyvw9VnZ2ch.i1yTaswn4qW,"TX_CURR (N, DSD, Age/Sex/HIVStatus): Receiving ART 50-54, Male, Positive",1,1,2
Kenya,West Pokot County,Pokot North Sub County,Alale Ward,Amakuriat Dispensary,f6pRoNrH31Q,Amakuriat Dispensary,Keipsl14198,Hyvw9VnZ2ch.yWgBf6UOK8d,"TX_CURR (N, DSD, Age/Sex/HIVStatus): Receiving ART 55-59, Female, Positive",3,,
Kenya,West Pokot County,Pokot North Sub County,Alale Ward,Amakuriat Dispensary,f6pRoNrH31Q,Amakuriat Dispensary,Keipsl14198,Hyvw9VnZ2ch.N9EXA1gNh16,"TX_CURR (N, DSD, Age/Sex/HIVStatus): Receiving ART 55-59, Male, Positive",1,1,1
Kenya,West Pokot County,Pokot North Sub County,Alale Ward,Amakuriat Dispensary,f6pRoNrH31Q,Amakuriat Dispensary,Keipsl14198,Hyvw9VnZ2ch.ay6Bp2UGIE5,"TX_CURR (N, DSD, Age/Sex/HIVStatus): Receiving ART 60-64, Female, Positive",,,1
Kenya,West Pokot County,Pokot North Sub County,Alale Ward,Amakuriat Dispensary,f6pRoNrH31Q,Amakuriat Dispensary,Keipsl14198,Hyvw9VnZ2ch.YOMb0sp9VLV,"TX_CURR (N, DSD, Age/Sex/HIVStatus): Receiving ART 65+, Female, Positive",1,1,2
Kenya,West Pokot County,Pokot North Sub County,Alale Ward,Amakuriat Dispensary,f6pRoNrH31Q,Amakuriat Dispensary,Keipsl14198,Hyvw9VnZ2ch.Yy619I6uuTP,"TX_CURR (N, DSD, Age/Sex/HIVStatus): Receiving ART 65+, Male, Positive",1,1,1
Kenya,West Pokot County,Pokot South Sub County,Chepareria Ward,Chepareria Sub District Hospital,waCMEIRsFyZ,Chepareria Sub District Hospital,Keipsl14330,Hyvw9VnZ2ch.dRjezxQktoz,"TX_CURR (N, DSD, Age/Sex/HIVStatus): Receiving ART 1-4, Female, Positive",1,2,2
Kenya,West Pokot County,Pokot South Sub County,Chepareria Ward,Chepareria Sub District Hospital,waCMEIRsFyZ,Chepareria Sub District Hospital,Keipsl14330,Hyvw9VnZ2ch.jjUGfPF0ObP,"TX_CURR (N, DSD, Age/Sex/HIVStatus): Receiving ART 1-4, Male, Positive",1,1,1
Kenya,West Pokot County,Pokot South Sub County,Chepareria Ward,Chepareria Sub District Hospital,waCMEIRsFyZ,Chepareria Sub District Hospital,Keipsl14330,Hyvw9VnZ2ch.AG0milXShQM,"TX_CURR (N, DSD, Age/Sex/HIVStatus): Receiving ART 10-14, Female, Positive",1,1,3
Kenya,West Pokot County,Pokot South Sub County,Chepareria Ward,Chepareria Sub District Hospital,waCMEIRsFyZ,Chepareria Sub District Hospital,Keipsl14330,Hyvw9VnZ2ch.tEMe0224zlP,"TX_CURR (N, DSD, Age/Sex/HIVStatus): Receiving ART 10-14, Male, Positive",3,3,3
Kenya,West Pokot County,Pokot South Sub County,Chepareria Ward,Chepareria Sub District Hospital,waCMEIRsFyZ,Chepareria Sub District Hospital,Keipsl14330,Hyvw9VnZ2ch.QqlHrg6f0Sm,"TX_CURR (N, DSD, Age/Sex/HIVStatus): Receiving ART 15-19, Female, Positive",3,4,3
Kenya,West Pokot County,Pokot South Sub County,Chepareria Ward,Chepareria Sub District Hospital,waCMEIRsFyZ,Chepareria Sub District Hospital,Keipsl14330,Hyvw9VnZ2ch.LpnJL4zZxRH,"TX_CURR (N, DSD, Age/Sex/HIVStatus): Receiving ART 15-19, Male, Positive",6,6,7
Kenya,West Pokot County,Pokot South Sub County,Chepareria Ward,Chepareria Sub District Hospital,waCMEIRsFyZ,Chepareria Sub District Hospital,Keipsl14330,Hyvw9VnZ2ch.LyXZybq6Sjf,"TX_CURR (N, DSD, Age/Sex/HIVStatus): Receiving ART 20-24, Female, Positive",10,11,13
Kenya,West Pokot County,Pokot South Sub County,Chepareria Ward,Chepareria Sub District Hospital,waCMEIRsFyZ,Chepareria Sub District Hospital,Keipsl14330,Hyvw9VnZ2ch.NCnIv37EwU1,"TX_CURR (N, DSD, Age/Sex/HIVStatus): Receiving ART 20-24, Male, Positive",1,1,1
Kenya,West Pokot County,Pokot South Sub County,Chepareria Ward,Chepareria Sub District Hospital,waCMEIRsFyZ,Chepareria Sub District Hospital,Keipsl14330,Hyvw9VnZ2ch.zqARzn2wVj5,"TX_CURR (N, DSD, Age/Sex/HIVStatus): Receiving ART 25-29, Female, Positive",20,17,25
Kenya,West Pokot County,Pokot South Sub County,Chepareria Ward,Chepareria Sub District Hospital,waCMEIRsFyZ,Chepareria Sub District Hospital,Keipsl14330,Hyvw9VnZ2ch.y9LP85d8t4b,"TX_CURR (N, DSD, Age/Sex/HIVStatus): Receiving ART 25-29, Male, Positive",3,2,4
Kenya,West Pokot County,Pokot South Sub County,Chepareria Ward,Chepareria Sub District Hospital,waCMEIRsFyZ,Chepareria Sub District Hospital,Keipsl14330,Hyvw9VnZ2ch.Vi8sd7mvZW4,"TX_CURR (N, DSD, Age/Sex/HIVStatus): Receiving ART 30-34, Female, Positive",16,18,21
Kenya,West Pokot County,Pokot South Sub County,Chepareria Ward,Chepareria Sub District Hospital,waCMEIRsFyZ,Chepareria Sub District Hospital,Keipsl14330,Hyvw9VnZ2ch.YDzeLL6xf5o,"TX_CURR (N, DSD, Age/Sex/HIVStatus): Receiving ART 30-34, Male, Positive",2,4,5
Kenya,West Pokot County,Pokot South Sub County,Chepareria Ward,Chepareria Sub District Hospital,waCMEIRsFyZ,Chepareria Sub District Hospital,Keipsl14330,Hyvw9VnZ2ch.hRq4baaUamW,"TX_CURR (N, DSD, Age/Sex/HIVStatus): Receiving ART 35-39, Female, Positive",29,30,33
Kenya,West Pokot County,Pokot South Sub County,Chepareria Ward,Chepareria Sub District Hospital,waCMEIRsFyZ,Chepareria Sub District Hospital,Keipsl14330,Hyvw9VnZ2ch.XcW5HWccYYZ,"TX_CURR (N, DSD, Age/Sex/HIVStatus): Receiving ART 35-39, Male, Positive",11,13,11
Kenya,West Pokot County,Pokot South Sub County,Chepareria Ward,Chepareria Sub District Hospital,waCMEIRsFyZ,Chepareria Sub District Hospital,Keipsl14330,Hyvw9VnZ2ch.PEXIFVXGP9S,"TX_CURR (N, DSD, Age/Sex/HIVStatus): Receiving ART 40-44, Female, Positive",21,21,24
Kenya,West Pokot County,Pokot South Sub County,Chepareria Ward,Chepareria Sub District Hospital,waCMEIRsFyZ,Chepareria Sub District Hospital,Keipsl14330,Hyvw9VnZ2ch.zouTxRQ0kXP,"TX_CURR (N, DSD, Age/Sex/HIVStatus): Receiving ART 40-44, Male, Positive",9,12,11
Kenya,West Pokot County,Pokot South Sub County,Chepareria Ward,Chepareria Sub District Hospital,waCMEIRsFyZ,Chepareria Sub District Hospital,Keipsl14330,Hyvw9VnZ2ch.J8fGj3Iefbc,"TX_CURR (N, DSD, Age/Sex/HIVStatus): Receiving ART 45-49, Female, Positive",24,22,26
Kenya,West Pokot County,Pokot South Sub County,Chepareria Ward,Chepareria Sub District Hospital,waCMEIRsFyZ,Chepareria Sub District Hospital,Keipsl14330,Hyvw9VnZ2ch.zUjkTTlva36,"TX_CURR (N, DSD, Age/Sex/HIVStatus): Receiving ART 45-49, Male, Positive",10,12,13
Kenya,West Pokot County,Pokot South Sub County,Chepareria Ward,Chepareria Sub District Hospital,waCMEIRsFyZ,Chepareria Sub District Hospital,Keipsl14330,Hyvw9VnZ2ch.zLbjm4E1NsG,"TX_CURR (N, DSD, Age/Sex/HIVStatus): Receiving ART 5-9, Female, Positive",7,7,6
Kenya,West Pokot County,Pokot South Sub County,Chepareria Ward,Chepareria Sub District Hospital,waCMEIRsFyZ,Chepareria Sub District Hospital,Keipsl14330,Hyvw9VnZ2ch.p1HABZs9ydt,"TX_CURR (N, DSD, Age/Sex/HIVStatus): Receiving ART 5-9, Male, Positive",4,4,4
Kenya,West Pokot County,Pokot South Sub County,Chepareria Ward,Chepareria Sub District Hospital,waCMEIRsFyZ,Chepareria Sub District Hospital,Keipsl14330,Hyvw9VnZ2ch.VdMgEQkOtuV,"TX_CURR (N, DSD, Age/Sex/HIVStatus): Receiving ART 50-54, Female, Positive",11,15,19
Kenya,West Pokot County,Pokot South Sub County,Chepareria Ward,Chepareria Sub District Hospital,waCMEIRsFyZ,Chepareria Sub District Hospital,Keipsl14330,Hyvw9VnZ2ch.i1yTaswn4qW,"TX_CURR (N, DSD, Age/Sex/HIVStatus): Receiving ART 50-54, Male, Positive",11,11,14
Kenya,West Pokot County,Pokot South Sub County,Chepareria Ward,Chepareria Sub District Hospital,waCMEIRsFyZ,Chepareria Sub District Hospital,Keipsl14330,Hyvw9VnZ2ch.yWgBf6UOK8d,"TX_CURR (N, DSD, Age/Sex/HIVStatus): Receiving ART 55-59, Female, Positive",14,15,16
Kenya,West Pokot County,Pokot South Sub County,Chepareria Ward,Chepareria Sub District Hospital,waCMEIRsFyZ,Chepareria Sub District Hospital,Keipsl14330,Hyvw9VnZ2ch.N9EXA1gNh16,"TX_CURR (N, DSD, Age/Sex/HIVStatus): Receiving ART 55-59, Male, Positive",6,6,8
Kenya,West Pokot County,Pokot South Sub County,Chepareria Ward,Chepareria Sub District Hospital,waCMEIRsFyZ,Chepareria Sub District Hospital,Keipsl14330,Hyvw9VnZ2ch.ay6Bp2UGIE5,"TX_CURR (N, DSD, Age/Sex/HIVStatus): Receiving ART 60-64, Female, Positive",6,6,6
Kenya,West Pokot County,Pokot South Sub County,Chepareria Ward,Chepareria Sub District Hospital,waCMEIRsFyZ,Chepareria Sub District Hospital,Keipsl14330,Hyvw9VnZ2ch.lNnwcd2RT4K,"TX_CURR (N, DSD, Age/Sex/HIVStatus): Receiving ART 60-64, Male, Positive",5,4,4
Kenya,West Pokot County,Pokot South Sub County,Chepareria Ward,Chepareria Sub District Hospital,waCMEIRsFyZ,Chepareria Sub District Hospital,Keipsl14330,Hyvw9VnZ2ch.YOMb0sp9VLV,"TX_CURR (N, DSD, Age/Sex/HIVStatus): Receiving ART 65+, Female, Positive",4,7,9
Kenya,West Pokot County,Pokot South Sub County,Chepareria Ward,Chepareria Sub District Hospital,waCMEIRsFyZ,Chepareria Sub District Hospital,Keipsl14330,Hyvw9VnZ2ch.Yy619I6uuTP,"TX_CURR (N, DSD, Age/Sex/HIVStatus): Receiving ART 65+, Male, Positive",5,7,9
Kenya,West Pokot County,Pokot South Sub County,Lelan Ward,Kabichbich Health Centre,J7iTynirbOa,Kabichbich Health Centre,Keipsl14615,Hyvw9VnZ2ch.dRjezxQktoz,"TX_CURR (N, DSD, Age/Sex/HIVStatus): Receiving ART 1-4, Female, Positive",,1,
Kenya,West Pokot County,Pokot South Sub County,Lelan Ward,Kabichbich Health Centre,J7iTynirbOa,Kabichbich Health Centre,Keipsl14615,Hyvw9VnZ2ch.jjUGfPF0ObP,"TX_CURR (N, DSD, Age/Sex/HIVStatus): Receiving ART 1-4, Male, Positive",1,,
Kenya,West Pokot County,Pokot South Sub County,Lelan Ward,Kabichbich Health Centre,J7iTynirbOa,Kabichbich Health Centre,Keipsl14615,Hyvw9VnZ2ch.AG0milXShQM,"TX_CURR (N, DSD, Age/Sex/HIVStatus): Receiving ART 10-14, Female, Positive",1,1,3
Kenya,West Pokot County,Pokot South Sub County,Lelan Ward,Kabichbich Health Centre,J7iTynirbOa,Kabichbich Health Centre,Keipsl14615,Hyvw9VnZ2ch.tEMe0224zlP,"TX_CURR (N, DSD, Age/Sex/HIVStatus): Receiving ART 10-14, Male, Positive",1,1,1
Kenya,West Pokot County,Pokot South Sub County,Lelan Ward,Kabichbich Health Centre,J7iTynirbOa,Kabichbich Health Centre,Keipsl14615,Hyvw9VnZ2ch.QqlHrg6f0Sm,"TX_CURR (N, DSD, Age/Sex/HIVStatus): Receiving ART 15-19, Female, Positive",4,3,3
Kenya,West Pokot County,Pokot South Sub County,Lelan Ward,Kabichbich Health Centre,J7iTynirbOa,Kabichbich Health Centre,Keipsl14615,Hyvw9VnZ2ch.LyXZybq6Sjf,"TX_CURR (N, DSD, Age/Sex/HIVStatus): Receiving ART 20-24, Female, Positive",1,4,5
Kenya,West Pokot County,Pokot South Sub County,Lelan Ward,Kabichbich Health Centre,J7iTynirbOa,Kabichbich Health Centre,Keipsl14615,Hyvw9VnZ2ch.NCnIv37EwU1,"TX_CURR (N, DSD, Age/Sex/HIVStatus): Receiving ART 20-24, Male, Positive",,1,1
Kenya,West Pokot County,Pokot South Sub County,Lelan Ward,Kabichbich Health Centre,J7iTynirbOa,Kabichbich Health Centre,Keipsl14615,Hyvw9VnZ2ch.zqARzn2wVj5,"TX_CURR (N, DSD, Age/Sex/HIVStatus): Receiving ART 25-29, Female, Positive",7,8,7
Kenya,West Pokot County,Pokot South Sub County,Lelan Ward,Kabichbich Health Centre,J7iTynirbOa,Kabichbich Health Centre,Keipsl14615,Hyvw9VnZ2ch.y9LP85d8t4b,"TX_CURR (N, DSD, Age/Sex/HIVStatus): Receiving ART 25-29, Male, Positive",1,,1
Kenya,West Pokot County,Pokot South Sub County,Lelan Ward,Kabichbich Health Centre,J7iTynirbOa,Kabichbich Health Centre,Keipsl14615,Hyvw9VnZ2ch.Vi8sd7mvZW4,"TX_CURR (N, DSD, Age/Sex/HIVStatus): Receiving ART 30-34, Female, Positive",11,8,11
Kenya,West Pokot County,Pokot South Sub County,Lelan Ward,Kabichbich Health Centre,J7iTynirbOa,Kabichbich Health Centre,Keipsl14615,Hyvw9VnZ2ch.YDzeLL6xf5o,"TX_CURR (N, DSD, Age/Sex/HIVStatus): Receiving ART 30-34, Male, Positive",1,1,2
Kenya,West Pokot County,Pokot South Sub County,Lelan Ward,Kabichbich Health Centre,J7iTynirbOa,Kabichbich Health Centre,Keipsl14615,Hyvw9VnZ2ch.hRq4baaUamW,"TX_CURR (N, DSD, Age/Sex/HIVStatus): Receiving ART 35-39, Female, Positive",8,8,9
Kenya,West Pokot County,Pokot South Sub County,Lelan Ward,Kabichbich Health Centre,J7iTynirbOa,Kabichbich Health Centre,Keipsl14615,Hyvw9VnZ2ch.XcW5HWccYYZ,"TX_CURR (N, DSD, Age/Sex/HIVStatus): Receiving ART 35-39, Male, Positive",3,6,3
Kenya,West Pokot County,Pokot South Sub County,Lelan Ward,Kabichbich Health Centre,J7iTynirbOa,Kabichbich Health Centre,Keipsl14615,Hyvw9VnZ2ch.PEXIFVXGP9S,"TX_CURR (N, DSD, Age/Sex/HIVStatus): Receiving ART 40-44, Female, Positive",7,6,8
Kenya,West Pokot County,Pokot South Sub County,Lelan Ward,Kabichbich Health Centre,J7iTynirbOa,Kabichbich Health Centre,Keipsl14615,Hyvw9VnZ2ch.zouTxRQ0kXP,"TX_CURR (N, DSD, Age/Sex/HIVStatus): Receiving ART 40-44, Male, Positive",2,1,11
Kenya,West Pokot County,Pokot South Sub County,Lelan Ward,Kabichbich Health Centre,J7iTynirbOa,Kabichbich Health Centre,Keipsl14615,Hyvw9VnZ2ch.J8fGj3Iefbc,"TX_CURR (N, DSD, Age/Sex/HIVStatus): Receiving ART 45-49, Female, Positive",5,5,10
Kenya,West Pokot County,Pokot South Sub County,Lelan Ward,Kabichbich Health Centre,J7iTynirbOa,Kabichbich Health Centre,Keipsl14615,Hyvw9VnZ2ch.zUjkTTlva36,"TX_CURR (N, DSD, Age/Sex/HIVStatus): Receiving ART 45-49, Male, Positive",,,2
Kenya,West Pokot County,Pokot South Sub County,Lelan Ward,Kabichbich Health Centre,J7iTynirbOa,Kabichbich Health Centre,Keipsl14615,Hyvw9VnZ2ch.zLbjm4E1NsG,"TX_CURR (N, DSD, Age/Sex/HIVStatus): Receiving ART 5-9, Female, Positive",,1,
Kenya,West Pokot County,Pokot South Sub County,Lelan Ward,Kabichbich Health Centre,J7iTynirbOa,Kabichbich Health Centre,Keipsl14615,Hyvw9VnZ2ch.p1HABZs9ydt,"TX_CURR (N, DSD, Age/Sex/HIVStatus): Receiving ART 5-9, Male, Positive",1,2,2
Kenya,West Pokot County,Pokot South Sub County,Lelan Ward,Kabichbich Health Centre,J7iTynirbOa,Kabichbich Health Centre,Keipsl14615,Hyvw9VnZ2ch.VdMgEQkOtuV,"TX_CURR (N, DSD, Age/Sex/HIVStatus): Receiving ART 50-54, Female, Positive",7,7,6
Kenya,West Pokot County,Pokot South Sub County,Lelan Ward,Kabichbich Health Centre,J7iTynirbOa,Kabichbich Health Centre,Keipsl14615,Hyvw9VnZ2ch.i1yTaswn4qW,"TX_CURR (N, DSD, Age/Sex/HIVStatus): Receiving ART 50-54, Male, Positive",2,2,5
Kenya,West Pokot County,Pokot South Sub County,Lelan Ward,Kabichbich Health Centre,J7iTynirbOa,Kabichbich Health Centre,Keipsl14615,Hyvw9VnZ2ch.yWgBf6UOK8d,"TX_CURR (N, DSD, Age/Sex/HIVStatus): Receiving ART 55-59, Female, Positive",5,2,3
Kenya,West Pokot County,Pokot South Sub County,Lelan Ward,Kabichbich Health Centre,J7iTynirbOa,Kabichbich Health Centre,Keipsl14615,Hyvw9VnZ2ch.N9EXA1gNh16,"TX_CURR (N, DSD, Age/Sex/HIVStatus): Receiving ART 55-59, Male, Positive",2,,2
Kenya,West Pokot County,Pokot South Sub County,Lelan Ward,Kabichbich Health Centre,J7iTynirbOa,Kabichbich Health Centre,Keipsl14615,Hyvw9VnZ2ch.ay6Bp2UGIE5,"TX_CURR (N, DSD, Age/Sex/HIVStatus): Receiving ART 60-64, Female, Positive",2,3,3
Kenya,West Pokot County,Pokot South Sub County,Lelan Ward,Kabichbich Health Centre,J7iTynirbOa,Kabichbich Health Centre,Keipsl14615,Hyvw9VnZ2ch.lNnwcd2RT4K,"TX_CURR (N, DSD, Age/Sex/HIVStatus): Receiving ART 60-64, Male, Positive",1,1,2
Kenya,West Pokot County,Pokot South Sub County,Lelan Ward,Kabichbich Health Centre,J7iTynirbOa,Kabichbich Health Centre,Keipsl14615,Hyvw9VnZ2ch.YOMb0sp9VLV,"TX_CURR (N, DSD, Age/Sex/HIVStatus): Receiving ART 65+, Female, Positive",2,3,5
Kenya,West Pokot County,Pokot South Sub County,Lelan Ward,Kabichbich Health Centre,J7iTynirbOa,Kabichbich Health Centre,Keipsl14615,Hyvw9VnZ2ch.Yy619I6uuTP,"TX_CURR (N, DSD, Age/Sex/HIVStatus): Receiving ART 65+, Male, Positive",1,1,1
Kenya,West Pokot County,Pokot North Sub County,Suam Ward,Kacheliba District Hospital,h32R9kWOuC2,Kacheliba District Hospital,Keipsl14634,Hyvw9VnZ2ch.dRjezxQktoz,"TX_CURR (N, DSD, Age/Sex/HIVStatus): Receiving ART 1-4, Female, Positive",3,2,1
Kenya,West Pokot County,Pokot North Sub County,Suam Ward,Kacheliba District Hospital,h32R9kWOuC2,Kacheliba District Hospital,Keipsl14634,Hyvw9VnZ2ch.jjUGfPF0ObP,"TX_CURR (N, DSD, Age/Sex/HIVStatus): Receiving ART 1-4, Male, Positive",1,,
Kenya,West Pokot County,Pokot North Sub County,Suam Ward,Kacheliba District Hospital,h32R9kWOuC2,Kacheliba District Hospital,Keipsl14634,Hyvw9VnZ2ch.AG0milXShQM,"TX_CURR (N, DSD, Age/Sex/HIVStatus): Receiving ART 10-14, Female, Positive",4,4,6
Kenya,West Pokot County,Pokot North Sub County,Suam Ward,Kacheliba District Hospital,h32R9kWOuC2,Kacheliba District Hospital,Keipsl14634,Hyvw9VnZ2ch.tEMe0224zlP,"TX_CURR (N, DSD, Age/Sex/HIVStatus): Receiving ART 10-14, Male, Positive",6,7,6
Kenya,West Pokot County,Pokot North Sub County,Suam Ward,Kacheliba District Hospital,h32R9kWOuC2,Kacheliba District Hospital,Keipsl14634,Hyvw9VnZ2ch.QqlHrg6f0Sm,"TX_CURR (N, DSD, Age/Sex/HIVStatus): Receiving ART 15-19, Female, Positive",2,5,2
Kenya,West Pokot County,Pokot North Sub County,Suam Ward,Kacheliba District Hospital,h32R9kWOuC2,Kacheliba District Hospital,Keipsl14634,Hyvw9VnZ2ch.LpnJL4zZxRH,"TX_CURR (N, DSD, Age/Sex/HIVStatus): Receiving ART 15-19, Male, Positive",4,4,4
Kenya,West Pokot County,Pokot North Sub County,Suam Ward,Kacheliba District Hospital,h32R9kWOuC2,Kacheliba District Hospital,Keipsl14634,Hyvw9VnZ2ch.LyXZybq6Sjf,"TX_CURR (N, DSD, Age/Sex/HIVStatus): Receiving ART 20-24, Female, Positive",8,6,7
Kenya,West Pokot County,Pokot North Sub County,Suam Ward,Kacheliba District Hospital,h32R9kWOuC2,Kacheliba District Hospital,Keipsl14634,Hyvw9VnZ2ch.NCnIv37EwU1,"TX_CURR (N, DSD, Age/Sex/HIVStatus): Receiving ART 20-24, Male, Positive",3,4,5
Kenya,West Pokot County,Pokot North Sub County,Suam Ward,Kacheliba District Hospital,h32R9kWOuC2,Kacheliba District Hospital,Keipsl14634,Hyvw9VnZ2ch.zqARzn2wVj5,"TX_CURR (N, DSD, Age/Sex/HIVStatus): Receiving ART 25-29, Female, Positive",27,30,21
Kenya,West Pokot County,Pokot North Sub County,Suam Ward,Kacheliba District Hospital,h32R9kWOuC2,Kacheliba District Hospital,Keipsl14634,Hyvw9VnZ2ch.y9LP85d8t4b,"TX_CURR (N, DSD, Age/Sex/HIVStatus): Receiving ART 25-29, Male, Positive",5,5,4
Kenya,West Pokot County,Pokot North Sub County,Suam Ward,Kacheliba District Hospital,h32R9kWOuC2,Kacheliba District Hospital,Keipsl14634,Hyvw9VnZ2ch.Vi8sd7mvZW4,"TX_CURR (N, DSD, Age/Sex/HIVStatus): Receiving ART 30-34, Female, Positive",44,42,41
Kenya,West Pokot County,Pokot North Sub County,Suam Ward,Kacheliba District Hospital,h32R9kWOuC2,Kacheliba District Hospital,Keipsl14634,Hyvw9VnZ2ch.YDzeLL6xf5o,"TX_CURR (N, DSD, Age/Sex/HIVStatus): Receiving ART 30-34, Male, Positive",7,10,11
Kenya,West Pokot County,Pokot North Sub County,Suam Ward,Kacheliba District Hospital,h32R9kWOuC2,Kacheliba District Hospital,Keipsl14634,Hyvw9VnZ2ch.hRq4baaUamW,"TX_CURR (N, DSD, Age/Sex/HIVStatus): Receiving ART 35-39, Female, Positive",42,39,51
Kenya,West Pokot County,Pokot North Sub County,Suam Ward,Kacheliba District Hospital,h32R9kWOuC2,Kacheliba District Hospital,Keipsl14634,Hyvw9VnZ2ch.XcW5HWccYYZ,"TX_CURR (N, DSD, Age/Sex/HIVStatus): Receiving ART 35-39, Male, Positive",32,36,34
Kenya,West Pokot County,Pokot North Sub County,Suam Ward,Kacheliba District Hospital,h32R9kWOuC2,Kacheliba District Hospital,Keipsl14634,Hyvw9VnZ2ch.PEXIFVXGP9S,"TX_CURR (N, DSD, Age/Sex/HIVStatus): Receiving ART 40-44, Female, Positive",26,27,25
Kenya,West Pokot County,Pokot North Sub County,Suam Ward,Kacheliba District Hospital,h32R9kWOuC2,Kacheliba District Hospital,Keipsl14634,Hyvw9VnZ2ch.zouTxRQ0kXP,"TX_CURR (N, DSD, Age/Sex/HIVStatus): Receiving ART 40-44, Male, Positive",23,26,28
Kenya,West Pokot County,Pokot North Sub County,Suam Ward,Kacheliba District Hospital,h32R9kWOuC2,Kacheliba District Hospital,Keipsl14634,Hyvw9VnZ2ch.J8fGj3Iefbc,"TX_CURR (N, DSD, Age/Sex/HIVStatus): Receiving ART 45-49, Female, Positive",34,30,30
Kenya,West Pokot County,Pokot North Sub County,Suam Ward,Kacheliba District Hospital,h32R9kWOuC2,Kacheliba District Hospital,Keipsl14634,Hyvw9VnZ2ch.zUjkTTlva36,"TX_CURR (N, DSD, Age/Sex/HIVStatus): Receiving ART 45-49, Male, Positive",18,24,24
Kenya,West Pokot County,Pokot North Sub County,Suam Ward,Kacheliba District Hospital,h32R9kWOuC2,Kacheliba District Hospital,Keipsl14634,Hyvw9VnZ2ch.zLbjm4E1NsG,"TX_CURR (N, DSD, Age/Sex/HIVStatus): Receiving ART 5-9, Female, Positive",,1,2
Kenya,West Pokot County,Pokot North Sub County,Suam Ward,Kacheliba District Hospital,h32R9kWOuC2,Kacheliba District Hospital,Keipsl14634,Hyvw9VnZ2ch.p1HABZs9ydt,"TX_CURR (N, DSD, Age/Sex/HIVStatus): Receiving ART 5-9, Male, Positive",3,5,5
Kenya,West Pokot County,Pokot North Sub County,Suam Ward,Kacheliba District Hospital,h32R9kWOuC2,Kacheliba District Hospital,Keipsl14634,Hyvw9VnZ2ch.VdMgEQkOtuV,"TX_CURR (N, DSD, Age/Sex/HIVStatus): Receiving ART 50-54, Female, Positive",24,28,32
Kenya,West Pokot County,Pokot North Sub County,Suam Ward,Kacheliba District Hospital,h32R9kWOuC2,Kacheliba District Hospital,Keipsl14634,Hyvw9VnZ2ch.i1yTaswn4qW,"TX_CURR (N, DSD, Age/Sex/HIVStatus): Receiving ART 50-54, Male, Positive",17,15,20
Kenya,West Pokot County,Pokot North Sub County,Suam Ward,Kacheliba District Hospital,h32R9kWOuC2,Kacheliba District Hospital,Keipsl14634,Hyvw9VnZ2ch.yWgBf6UOK8d,"TX_CURR (N, DSD, Age/Sex/HIVStatus): Receiving ART 55-59, Female, Positive",8,8,14
Kenya,West Pokot County,Pokot North Sub County,Suam Ward,Kacheliba District Hospital,h32R9kWOuC2,Kacheliba District Hospital,Keipsl14634,Hyvw9VnZ2ch.N9EXA1gNh16,"TX_CURR (N, DSD, Age/Sex/HIVStatus): Receiving ART 55-59, Male, Positive",4,7,7
Kenya,West Pokot County,Pokot North Sub County,Suam Ward,Kacheliba District Hospital,h32R9kWOuC2,Kacheliba District Hospital,Keipsl14634,Hyvw9VnZ2ch.ay6Bp2UGIE5,"TX_CURR (N, DSD, Age/Sex/HIVStatus): Receiving ART 60-64, Female, Positive",12,13,11
Kenya,West Pokot County,Pokot North Sub County,Suam Ward,Kacheliba District Hospital,h32R9kWOuC2,Kacheliba District Hospital,Keipsl14634,Hyvw9VnZ2ch.lNnwcd2RT4K,"TX_CURR (N, DSD, Age/Sex/HIVStatus): Receiving ART 60-64, Male, Positive",17,14,13
Kenya,West Pokot County,Pokot North Sub County,Suam Ward,Kacheliba District Hospital,h32R9kWOuC2,Kacheliba District Hospital,Keipsl14634,Hyvw9VnZ2ch.YOMb0sp9VLV,"TX_CURR (N, DSD, Age/Sex/HIVStatus): Receiving ART 65+, Female, Positive",15,14,18
Kenya,West Pokot County,Pokot North Sub County,Suam Ward,Kacheliba District Hospital,h32R9kWOuC2,Kacheliba District Hospital,Keipsl14634,Hyvw9VnZ2ch.Yy619I6uuTP,"TX_CURR (N, DSD, Age/Sex/HIVStatus): Receiving ART 65+, Male, Positive",12,13,16
Kenya,West Pokot County,West Pokot Sub County,Riwo Ward,Kanyarkwat Health Centre,BPzUOO82HBv,Kanyarkwat Health Centre,Keipsl14689,Hyvw9VnZ2ch.dRjezxQktoz,"TX_CURR (N, DSD, Age/Sex/HIVStatus): Receiving ART 1-4, Female, Positive",1,,
Kenya,West Pokot County,West Pokot Sub County,Riwo Ward,Kanyarkwat Health Centre,BPzUOO82HBv,Kanyarkwat Health Centre,Keipsl14689,Hyvw9VnZ2ch.jjUGfPF0ObP,"TX_CURR (N, DSD, Age/Sex/HIVStatus): Receiving ART 1-4, Male, Positive",1,1,
Kenya,West Pokot County,West Pokot Sub County,Riwo Ward,Kanyarkwat Health Centre,BPzUOO82HBv,Kanyarkwat Health Centre,Keipsl14689,Hyvw9VnZ2ch.AG0milXShQM,"TX_CURR (N, DSD, Age/Sex/HIVStatus): Receiving ART 10-14, Female, Positive",1,1,1
Kenya,West Pokot County,West Pokot Sub County,Riwo Ward,Kanyarkwat Health Centre,BPzUOO82HBv,Kanyarkwat Health Centre,Keipsl14689,Hyvw9VnZ2ch.tEMe0224zlP,"TX_CURR (N, DSD, Age/Sex/HIVStatus): Receiving ART 10-14, Male, Positive",1,2,2
Kenya,West Pokot County,West Pokot Sub County,Riwo Ward,Kanyarkwat Health Centre,BPzUOO82HBv,Kanyarkwat Health Centre,Keipsl14689,Hyvw9VnZ2ch.QqlHrg6f0Sm,"TX_CURR (N, DSD, Age/Sex/HIVStatus): Receiving ART 15-19, Female, Positive",3,3,4
Kenya,West Pokot County,West Pokot Sub County,Riwo Ward,Kanyarkwat Health Centre,BPzUOO82HBv,Kanyarkwat Health Centre,Keipsl14689,Hyvw9VnZ2ch.LyXZybq6Sjf,"TX_CURR (N, DSD, Age/Sex/HIVStatus): Receiving ART 20-24, Female, Positive",3,5,3
Kenya,West Pokot County,West Pokot Sub County,Riwo Ward,Kanyarkwat Health Centre,BPzUOO82HBv,Kanyarkwat Health Centre,Keipsl14689,Hyvw9VnZ2ch.zqARzn2wVj5,"TX_CURR (N, DSD, Age/Sex/HIVStatus): Receiving ART 25-29, Female, Positive",14,14,16
Kenya,West Pokot County,West Pokot Sub County,Riwo Ward,Kanyarkwat Health Centre,BPzUOO82HBv,Kanyarkwat Health Centre,Keipsl14689,Hyvw9VnZ2ch.y9LP85d8t4b,"TX_CURR (N, DSD, Age/Sex/HIVStatus): Receiving ART 25-29, Male, Positive",2,2,3
Kenya,West Pokot County,West Pokot Sub County,Riwo Ward,Kanyarkwat Health Centre,BPzUOO82HBv,Kanyarkwat Health Centre,Keipsl14689,Hyvw9VnZ2ch.Vi8sd7mvZW4,"TX_CURR (N, DSD, Age/Sex/HIVStatus): Receiving ART 30-34, Female, Positive",6,10,11
Kenya,West Pokot County,West Pokot Sub County,Riwo Ward,Kanyarkwat Health Centre,BPzUOO82HBv,Kanyarkwat Health Centre,Keipsl14689,Hyvw9VnZ2ch.YDzeLL6xf5o,"TX_CURR (N, DSD, Age/Sex/HIVStatus): Receiving ART 30-34, Male, Positive",3,3,5
Kenya,West Pokot County,West Pokot Sub County,Riwo Ward,Kanyarkwat Health Centre,BPzUOO82HBv,Kanyarkwat Health Centre,Keipsl14689,Hyvw9VnZ2ch.hRq4baaUamW,"TX_CURR (N, DSD, Age/Sex/HIVStatus): Receiving ART 35-39, Female, Positive",10,10,15
Kenya,West Pokot County,West Pokot Sub County,Riwo Ward,Kanyarkwat Health Centre,BPzUOO82HBv,Kanyarkwat Health Centre,Keipsl14689,Hyvw9VnZ2ch.XcW5HWccYYZ,"TX_CURR (N, DSD, Age/Sex/HIVStatus): Receiving ART 35-39, Male, Positive",9,9,10
Kenya,West Pokot County,West Pokot Sub County,Riwo Ward,Kanyarkwat Health Centre,BPzUOO82HBv,Kanyarkwat Health Centre,Keipsl14689,Hyvw9VnZ2ch.PEXIFVXGP9S,"TX_CURR (N, DSD, Age/Sex/HIVStatus): Receiving ART 40-44, Female, Positive",8,8,8
Kenya,West Pokot County,West Pokot Sub County,Riwo Ward,Kanyarkwat Health Centre,BPzUOO82HBv,Kanyarkwat Health Centre,Keipsl14689,Hyvw9VnZ2ch.zouTxRQ0kXP,"TX_CURR (N, DSD, Age/Sex/HIVStatus): Receiving ART 40-44, Male, Positive",7,7,8
Kenya,West Pokot County,West Pokot Sub County,Riwo Ward,Kanyarkwat Health Centre,BPzUOO82HBv,Kanyarkwat Health Centre,Keipsl14689,Hyvw9VnZ2ch.J8fGj3Iefbc,"TX_CURR (N, DSD, Age/Sex/HIVStatus): Receiving ART 45-49, Female, Positive",10,13,11
Kenya,West Pokot County,West Pokot Sub County,Riwo Ward,Kanyarkwat Health Centre,BPzUOO82HBv,Kanyarkwat Health Centre,Keipsl14689,Hyvw9VnZ2ch.zUjkTTlva36,"TX_CURR (N, DSD, Age/Sex/HIVStatus): Receiving ART 45-49, Male, Positive",7,6,8
Kenya,West Pokot County,West Pokot Sub County,Riwo Ward,Kanyarkwat Health Centre,BPzUOO82HBv,Kanyarkwat Health Centre,Keipsl14689,Hyvw9VnZ2ch.zLbjm4E1NsG,"TX_CURR (N, DSD, Age/Sex/HIVStatus): Receiving ART 5-9, Female, Positive",1,3,3
Kenya,West Pokot County,West Pokot Sub County,Riwo Ward,Kanyarkwat Health Centre,BPzUOO82HBv,Kanyarkwat Health Centre,Keipsl14689,Hyvw9VnZ2ch.p1HABZs9ydt,"TX_CURR (N, DSD, Age/Sex/HIVStatus): Receiving ART 5-9, Male, Positive",4,3,4
Kenya,West Pokot County,West Pokot Sub County,Riwo Ward,Kanyarkwat Health Centre,BPzUOO82HBv,Kanyarkwat Health Centre,Keipsl14689,Hyvw9VnZ2ch.VdMgEQkOtuV,"TX_CURR (N, DSD, Age/Sex/HIVStatus): Receiving ART 50-54, Female, Positive",6,6,7
Kenya,West Pokot County,West Pokot Sub County,Riwo Ward,Kanyarkwat Health Centre,BPzUOO82HBv,Kanyarkwat Health Centre,Keipsl14689,Hyvw9VnZ2ch.i1yTaswn4qW,"TX_CURR (N, DSD, Age/Sex/HIVStatus): Receiving ART 50-54, Male, Positive",4,4,3
Kenya,West Pokot County,West Pokot Sub County,Riwo Ward,Kanyarkwat Health Centre,BPzUOO82HBv,Kanyarkwat Health Centre,Keipsl14689,Hyvw9VnZ2ch.yWgBf6UOK8d,"TX_CURR (N, DSD, Age/Sex/HIVStatus): Receiving ART 55-59, Female, Positive",4,4,5
Kenya,West Pokot County,West Pokot Sub County,Riwo Ward,Kanyarkwat Health Centre,BPzUOO82HBv,Kanyarkwat Health Centre,Keipsl14689,Hyvw9VnZ2ch.N9EXA1gNh16,"TX_CURR (N, DSD, Age/Sex/HIVStatus): Receiving ART 55-59, Male, Positive",1,1,3
Kenya,West Pokot County,West Pokot Sub County,Riwo Ward,Kanyarkwat Health Centre,BPzUOO82HBv,Kanyarkwat Health Centre,Keipsl14689,Hyvw9VnZ2ch.ay6Bp2UGIE5,"TX_CURR (N, DSD, Age/Sex/HIVStatus): Receiving ART 60-64, Female, Positive",2,4,5
Kenya,West Pokot County,West Pokot Sub County,Riwo Ward,Kanyarkwat Health Centre,BPzUOO82HBv,Kanyarkwat Health Centre,Keipsl14689,Hyvw9VnZ2ch.lNnwcd2RT4K,"TX_CURR (N, DSD, Age/Sex/HIVStatus): Receiving ART 60-64, Male, Positive",1,1,1
Kenya,West Pokot County,West Pokot Sub County,Riwo Ward,Kanyarkwat Health Centre,BPzUOO82HBv,Kanyarkwat Health Centre,Keipsl14689,Hyvw9VnZ2ch.YOMb0sp9VLV,"TX_CURR (N, DSD, Age/Sex/HIVStatus): Receiving ART 65+, Female, Positive",2,2,1
Kenya,West Pokot County,West Pokot Sub County,Riwo Ward,Kanyarkwat Health Centre,BPzUOO82HBv,Kanyarkwat Health Centre,Keipsl14689,Hyvw9VnZ2ch.Yy619I6uuTP,"TX_CURR (N, DSD, Age/Sex/HIVStatus): Receiving ART 65+, Male, Positive",4,4,4
Kenya,West Pokot County,West Pokot Sub County,Kapenguria Ward,Kapenguria District Hospital,I4NlMEN7IyV,Kapenguria District Hospital,Keipsl14701,Hyvw9VnZ2ch.dRjezxQktoz,"TX_CURR (N, DSD, Age/Sex/HIVStatus): Receiving ART 1-4, Female, Positive",3,5,9
Kenya,West Pokot County,West Pokot Sub County,Kapenguria Ward,Kapenguria District Hospital,I4NlMEN7IyV,Kapenguria District Hospital,Keipsl14701,Hyvw9VnZ2ch.jjUGfPF0ObP,"TX_CURR (N, DSD, Age/Sex/HIVStatus): Receiving ART 1-4, Male, Positive",5,5,3
Kenya,West Pokot County,West Pokot Sub County,Kapenguria Ward,Kapenguria District Hospital,I4NlMEN7IyV,Kapenguria District Hospital,Keipsl14701,Hyvw9VnZ2ch.AG0milXShQM,"TX_CURR (N, DSD, Age/Sex/HIVStatus): Receiving ART 10-14, Female, Positive",20,25,25
Kenya,West Pokot County,West Pokot Sub County,Kapenguria Ward,Kapenguria District Hospital,I4NlMEN7IyV,Kapenguria District Hospital,Keipsl14701,Hyvw9VnZ2ch.tEMe0224zlP,"TX_CURR (N, DSD, Age/Sex/HIVStatus): Receiving ART 10-14, Male, Positive",20,17,18
Kenya,West Pokot County,West Pokot Sub County,Kapenguria Ward,Kapenguria District Hospital,I4NlMEN7IyV,Kapenguria District Hospital,Keipsl14701,Hyvw9VnZ2ch.QqlHrg6f0Sm,"TX_CURR (N, DSD, Age/Sex/HIVStatus): Receiving ART 15-19, Female, Positive",26,19,26
Kenya,West Pokot County,West Pokot Sub County,Kapenguria Ward,Kapenguria District Hospital,I4NlMEN7IyV,Kapenguria District Hospital,Keipsl14701,Hyvw9VnZ2ch.LpnJL4zZxRH,"TX_CURR (N, DSD, Age/Sex/HIVStatus): Receiving ART 15-19, Male, Positive",31,33,31
Kenya,West Pokot County,West Pokot Sub County,Kapenguria Ward,Kapenguria District Hospital,I4NlMEN7IyV,Kapenguria District Hospital,Keipsl14701,Hyvw9VnZ2ch.LyXZybq6Sjf,"TX_CURR (N, DSD, Age/Sex/HIVStatus): Receiving ART 20-24, Female, Positive",51,62,64
Kenya,West Pokot County,West Pokot Sub County,Kapenguria Ward,Kapenguria District Hospital,I4NlMEN7IyV,Kapenguria District Hospital,Keipsl14701,Hyvw9VnZ2ch.NCnIv37EwU1,"TX_CURR (N, DSD, Age/Sex/HIVStatus): Receiving ART 20-24, Male, Positive",17,15,19
Kenya,West Pokot County,West Pokot Sub County,Kapenguria Ward,Kapenguria District Hospital,I4NlMEN7IyV,Kapenguria District Hospital,Keipsl14701,Hyvw9VnZ2ch.zqARzn2wVj5,"TX_CURR (N, DSD, Age/Sex/HIVStatus): Receiving ART 25-29, Female, Positive",98,108,114
Kenya,West Pokot County,West Pokot Sub County,Kapenguria Ward,Kapenguria District Hospital,I4NlMEN7IyV,Kapenguria District Hospital,Keipsl14701,Hyvw9VnZ2ch.y9LP85d8t4b,"TX_CURR (N, DSD, Age/Sex/HIVStatus): Receiving ART 25-29, Male, Positive",18,26,28
Kenya,West Pokot County,West Pokot Sub County,Kapenguria Ward,Kapenguria District Hospital,I4NlMEN7IyV,Kapenguria District Hospital,Keipsl14701,Hyvw9VnZ2ch.Vi8sd7mvZW4,"TX_CURR (N, DSD, Age/Sex/HIVStatus): Receiving ART 30-34, Female, Positive",143,127,134
Kenya,West Pokot County,West Pokot Sub County,Kapenguria Ward,Kapenguria District Hospital,I4NlMEN7IyV,Kapenguria District Hospital,Keipsl14701,Hyvw9VnZ2ch.YDzeLL6xf5o,"TX_CURR (N, DSD, Age/Sex/HIVStatus): Receiving ART 30-34, Male, Positive",52,43,43
Kenya,West Pokot County,West Pokot Sub County,Kapenguria Ward,Kapenguria District Hospital,I4NlMEN7IyV,Kapenguria District Hospital,Keipsl14701,Hyvw9VnZ2ch.hRq4baaUamW,"TX_CURR (N, DSD, Age/Sex/HIVStatus): Receiving ART 35-39, Female, Positive",143,158,156
Kenya,West Pokot County,West Pokot Sub County,Kapenguria Ward,Kapenguria District Hospital,I4NlMEN7IyV,Kapenguria District Hospital,Keipsl14701,Hyvw9VnZ2ch.XcW5HWccYYZ,"TX_CURR (N, DSD, Age/Sex/HIVStatus): Receiving ART 35-39, Male, Positive",61,63,69
Kenya,West Pokot County,West Pokot Sub County,Kapenguria Ward,Kapenguria District Hospital,I4NlMEN7IyV,Kapenguria District Hospital,Keipsl14701,Hyvw9VnZ2ch.PEXIFVXGP9S,"TX_CURR (N, DSD, Age/Sex/HIVStatus): Receiving ART 40-44, Female, Positive",147,139,137
Kenya,West Pokot County,West Pokot Sub County,Kapenguria Ward,Kapenguria District Hospital,I4NlMEN7IyV,Kapenguria District Hospital,Keipsl14701,Hyvw9VnZ2ch.zouTxRQ0kXP,"TX_CURR (N, DSD, Age/Sex/HIVStatus): Receiving ART 40-44, Male, Positive",61,62,71
Kenya,West Pokot County,West Pokot Sub County,Kapenguria Ward,Kapenguria District Hospital,I4NlMEN7IyV,Kapenguria District Hospital,Keipsl14701,Hyvw9VnZ2ch.J8fGj3Iefbc,"TX_CURR (N, DSD, Age/Sex/HIVStatus): Receiving ART 45-49, Female, Positive",132,145,152
Kenya,West Pokot County,West Pokot Sub County,Kapenguria Ward,Kapenguria District Hospital,I4NlMEN7IyV,Kapenguria District Hospital,Keipsl14701,Hyvw9VnZ2ch.zUjkTTlva36,"TX_CURR (N, DSD, Age/Sex/HIVStatus): Receiving ART 45-49, Male, Positive",73,82,89
Kenya,West Pokot County,West Pokot Sub County,Kapenguria Ward,Kapenguria District Hospital,I4NlMEN7IyV,Kapenguria District Hospital,Keipsl14701,Hyvw9VnZ2ch.zLbjm4E1NsG,"TX_CURR (N, DSD, Age/Sex/HIVStatus): Receiving ART 5-9, Female, Positive",16,13,13
Kenya,West Pokot County,West Pokot Sub County,Kapenguria Ward,Kapenguria District Hospital,I4NlMEN7IyV,Kapenguria District Hospital,Keipsl14701,Hyvw9VnZ2ch.p1HABZs9ydt,"TX_CURR (N, DSD, Age/Sex/HIVStatus): Receiving ART 5-9, Male, Positive",16,18,17
Kenya,West Pokot County,West Pokot Sub County,Kapenguria Ward,Kapenguria District Hospital,I4NlMEN7IyV,Kapenguria District Hospital,Keipsl14701,Hyvw9VnZ2ch.VdMgEQkOtuV,"TX_CURR (N, DSD, Age/Sex/HIVStatus): Receiving ART 50-54, Female, Positive",124,125,136
Kenya,West Pokot County,West Pokot Sub County,Kapenguria Ward,Kapenguria District Hospital,I4NlMEN7IyV,Kapenguria District Hospital,Keipsl14701,Hyvw9VnZ2ch.i1yTaswn4qW,"TX_CURR (N, DSD, Age/Sex/HIVStatus): Receiving ART 50-54, Male, Positive",73,67,71
Kenya,West Pokot County,West Pokot Sub County,Kapenguria Ward,Kapenguria District Hospital,I4NlMEN7IyV,Kapenguria District Hospital,Keipsl14701,Hyvw9VnZ2ch.yWgBf6UOK8d,"TX_CURR (N, DSD, Age/Sex/HIVStatus): Receiving ART 55-59, Female, Positive",52,56,61
Kenya,West Pokot County,West Pokot Sub County,Kapenguria Ward,Kapenguria District Hospital,I4NlMEN7IyV,Kapenguria District Hospital,Keipsl14701,Hyvw9VnZ2ch.N9EXA1gNh16,"TX_CURR (N, DSD, Age/Sex/HIVStatus): Receiving ART 55-59, Male, Positive",40,45,46
Kenya,West Pokot County,West Pokot Sub County,Kapenguria Ward,Kapenguria District Hospital,I4NlMEN7IyV,Kapenguria District Hospital,Keipsl14701,Hyvw9VnZ2ch.ay6Bp2UGIE5,"TX_CURR (N, DSD, Age/Sex/HIVStatus): Receiving ART 60-64, Female, Positive",48,47,51
Kenya,West Pokot County,West Pokot Sub County,Kapenguria Ward,Kapenguria District Hospital,I4NlMEN7IyV,Kapenguria District Hospital,Keipsl14701,Hyvw9VnZ2ch.lNnwcd2RT4K,"TX_CURR (N, DSD, Age/Sex/HIVStatus): Receiving ART 60-64, Male, Positive",29,33,35
Kenya,West Pokot County,West Pokot Sub County,Kapenguria Ward,Kapenguria District Hospital,I4NlMEN7IyV,Kapenguria District Hospital,Keipsl14701,Hyvw9VnZ2ch.YOMb0sp9VLV,"TX_CURR (N, DSD, Age/Sex/HIVStatus): Receiving ART 65+, Female, Positive",24,30,32
Kenya,West Pokot County,West Pokot Sub County,Kapenguria Ward,Kapenguria District Hospital,I4NlMEN7IyV,Kapenguria District Hospital,Keipsl14701,Hyvw9VnZ2ch.Yy619I6uuTP,"TX_CURR (N, DSD, Age/Sex/HIVStatus): Receiving ART 65+, Male, Positive",33,35,35
Kenya,West Pokot County,West Pokot Sub County,Kapenguria Ward,Kapenguria District Hospital,I4NlMEN7IyV,Kapenguria District Hospital,Keipsl14701,Hyvw9VnZ2ch.OMVFa98P0Yg,"TX_CURR (N, DSD, Age/Sex/HIVStatus): Receiving ART <1, Female, Positive",2,2,
Kenya,West Pokot County,Pokot South Sub County,Lelan Ward,Kaptabuk Dispensary (West Pokot),ZXpAqMsZBO3,Kaptabuk Dispensary (West Pokot),Keipsl14772,Hyvw9VnZ2ch.QqlHrg6f0Sm,"TX_CURR (N, DSD, Age/Sex/HIVStatus): Receiving ART 15-19, Female, Positive",,,4
Kenya,West Pokot County,Pokot South Sub County,Lelan Ward,Kaptabuk Dispensary (West Pokot),ZXpAqMsZBO3,Kaptabuk Dispensary (West Pokot),Keipsl14772,Hyvw9VnZ2ch.LpnJL4zZxRH,"TX_CURR (N, DSD, Age/Sex/HIVStatus): Receiving ART 15-19, Male, Positive",1,1,1
Kenya,West Pokot County,Pokot South Sub County,Lelan Ward,Kaptabuk Dispensary (West Pokot),ZXpAqMsZBO3,Kaptabuk Dispensary (West Pokot),Keipsl14772,Hyvw9VnZ2ch.LyXZybq6Sjf,"TX_CURR (N, DSD, Age/Sex/HIVStatus): Receiving ART 20-24, Female, Positive",,,3
Kenya,West Pokot County,Pokot South Sub County,Lelan Ward,Kaptabuk Dispensary (West Pokot),ZXpAqMsZBO3,Kaptabuk Dispensary (West Pokot),Keipsl14772,Hyvw9VnZ2ch.zqARzn2wVj5,"TX_CURR (N, DSD, Age/Sex/HIVStatus): Receiving ART 25-29, Female, Positive",1,1,1
Kenya,West Pokot County,Pokot South Sub County,Lelan Ward,Kaptabuk Dispensary (West Pokot),ZXpAqMsZBO3,Kaptabuk Dispensary (West Pokot),Keipsl14772,Hyvw9VnZ2ch.y9LP85d8t4b,"TX_CURR (N, DSD, Age/Sex/HIVStatus): Receiving ART 25-29, Male, Positive",,2,
Kenya,West Pokot County,Pokot South Sub County,Lelan Ward,Kaptabuk Dispensary (West Pokot),ZXpAqMsZBO3,Kaptabuk Dispensary (West Pokot),Keipsl14772,Hyvw9VnZ2ch.Vi8sd7mvZW4,"TX_CURR (N, DSD, Age/Sex/HIVStatus): Receiving ART 30-34, Female, Positive",1,1,2
Kenya,West Pokot County,Pokot South Sub County,Lelan Ward,Kaptabuk Dispensary (West Pokot),ZXpAqMsZBO3,Kaptabuk Dispensary (West Pokot),Keipsl14772,Hyvw9VnZ2ch.YDzeLL6xf5o,"TX_CURR (N, DSD, Age/Sex/HIVStatus): Receiving ART 30-34, Male, Positive",1,1,2
Kenya,West Pokot County,Pokot South Sub County,Lelan Ward,Kaptabuk Dispensary (West Pokot),ZXpAqMsZBO3,Kaptabuk Dispensary (West Pokot),Keipsl14772,Hyvw9VnZ2ch.hRq4baaUamW,"TX_CURR (N, DSD, Age/Sex/HIVStatus): Receiving ART 35-39, Female, Positive",3,5,5
Kenya,West Pokot County,Pokot South Sub County,Lelan Ward,Kaptabuk Dispensary (West Pokot),ZXpAqMsZBO3,Kaptabuk Dispensary (West Pokot),Keipsl14772,Hyvw9VnZ2ch.XcW5HWccYYZ,"TX_CURR (N, DSD, Age/Sex/HIVStatus): Receiving ART 35-39, Male, Positive",1,1,2
Kenya,West Pokot County,Pokot South Sub County,Lelan Ward,Kaptabuk Dispensary (West Pokot),ZXpAqMsZBO3,Kaptabuk Dispensary (West Pokot),Keipsl14772,Hyvw9VnZ2ch.PEXIFVXGP9S,"TX_CURR (N, DSD, Age/Sex/HIVStatus): Receiving ART 40-44, Female, Positive",3,4,2
Kenya,West Pokot County,Pokot South Sub County,Lelan Ward,Kaptabuk Dispensary (West Pokot),ZXpAqMsZBO3,Kaptabuk Dispensary (West Pokot),Keipsl14772,Hyvw9VnZ2ch.zouTxRQ0kXP,"TX_CURR (N, DSD, Age/Sex/HIVStatus): Receiving ART 40-44, Male, Positive",,,2
Kenya,West Pokot County,Pokot South Sub County,Lelan Ward,Kaptabuk Dispensary (West Pokot),ZXpAqMsZBO3,Kaptabuk Dispensary (West Pokot),Keipsl14772,Hyvw9VnZ2ch.J8fGj3Iefbc,"TX_CURR (N, DSD, Age/Sex/HIVStatus): Receiving ART 45-49, Female, Positive",3,,1
Kenya,West Pokot County,Pokot South Sub County,Lelan Ward,Kaptabuk Dispensary (West Pokot),ZXpAqMsZBO3,Kaptabuk Dispensary (West Pokot),Keipsl14772,Hyvw9VnZ2ch.zUjkTTlva36,"TX_CURR (N, DSD, Age/Sex/HIVStatus): Receiving ART 45-49, Male, Positive",,3,
Kenya,West Pokot County,Pokot South Sub County,Lelan Ward,Kaptabuk Dispensary (West Pokot),ZXpAqMsZBO3,Kaptabuk Dispensary (West Pokot),Keipsl14772,Hyvw9VnZ2ch.zLbjm4E1NsG,"TX_CURR (N, DSD, Age/Sex/HIVStatus): Receiving ART 5-9, Female, Positive",1,1,1
Kenya,West Pokot County,Pokot South Sub County,Lelan Ward,Kaptabuk Dispensary (West Pokot),ZXpAqMsZBO3,Kaptabuk Dispensary (West Pokot),Keipsl14772,Hyvw9VnZ2ch.p1HABZs9ydt,"TX_CURR (N, DSD, Age/Sex/HIVStatus): Receiving ART 5-9, Male, Positive",1,1,
Kenya,West Pokot County,Pokot South Sub County,Lelan Ward,Kaptabuk Dispensary (West Pokot),ZXpAqMsZBO3,Kaptabuk Dispensary (West Pokot),Keipsl14772,Hyvw9VnZ2ch.VdMgEQkOtuV,"TX_CURR (N, DSD, Age/Sex/HIVStatus): Receiving ART 50-54, Female, Positive",1,1,1
Kenya,West Pokot County,Pokot South Sub County,Lelan Ward,Kaptabuk Dispensary (West Pokot),ZXpAqMsZBO3,Kaptabuk Dispensary (West Pokot),Keipsl14772,Hyvw9VnZ2ch.i1yTaswn4qW,"TX_CURR (N, DSD, Age/Sex/HIVStatus): Receiving ART 50-54, Male, Positive",1,1,
Kenya,West Pokot County,Pokot South Sub County,Lelan Ward,Kaptabuk Dispensary (West Pokot),ZXpAqMsZBO3,Kaptabuk Dispensary (West Pokot),Keipsl14772,Hyvw9VnZ2ch.Yy619I6uuTP,"TX_CURR (N, DSD, Age/Sex/HIVStatus): Receiving ART 65+, Male, Positive",1,1,
Kenya,West Pokot County,West Pokot Sub County,Mnagei Ward,Keringet Health Centre,KncEaHz1RZ2,Keringet Health Centre,Keipsl14837,Hyvw9VnZ2ch.dRjezxQktoz,"TX_CURR (N, DSD, Age/Sex/HIVStatus): Receiving ART 1-4, Female, Positive",1,2,1
Kenya,West Pokot County,West Pokot Sub County,Mnagei Ward,Keringet Health Centre,KncEaHz1RZ2,Keringet Health Centre,Keipsl14837,Hyvw9VnZ2ch.jjUGfPF0ObP,"TX_CURR (N, DSD, Age/Sex/HIVStatus): Receiving ART 1-4, Male, Positive",1,1,1
Kenya,West Pokot County,West Pokot Sub County,Mnagei Ward,Keringet Health Centre,KncEaHz1RZ2,Keringet Health Centre,Keipsl14837,Hyvw9VnZ2ch.AG0milXShQM,"TX_CURR (N, DSD, Age/Sex/HIVStatus): Receiving ART 10-14, Female, Positive",4,4,2
Kenya,West Pokot County,West Pokot Sub County,Mnagei Ward,Keringet Health Centre,KncEaHz1RZ2,Keringet Health Centre,Keipsl14837,Hyvw9VnZ2ch.tEMe0224zlP,"TX_CURR (N, DSD, Age/Sex/HIVStatus): Receiving ART 10-14, Male, Positive",4,4,2
Kenya,West Pokot County,West Pokot Sub County,Mnagei Ward,Keringet Health Centre,KncEaHz1RZ2,Keringet Health Centre,Keipsl14837,Hyvw9VnZ2ch.QqlHrg6f0Sm,"TX_CURR (N, DSD, Age/Sex/HIVStatus): Receiving ART 15-19, Female, Positive",5,7,7
Kenya,West Pokot County,West Pokot Sub County,Mnagei Ward,Keringet Health Centre,KncEaHz1RZ2,Keringet Health Centre,Keipsl14837,Hyvw9VnZ2ch.LpnJL4zZxRH,"TX_CURR (N, DSD, Age/Sex/HIVStatus): Receiving ART 15-19, Male, Positive",3,2,5
Kenya,West Pokot County,West Pokot Sub County,Mnagei Ward,Keringet Health Centre,KncEaHz1RZ2,Keringet Health Centre,Keipsl14837,Hyvw9VnZ2ch.LyXZybq6Sjf,"TX_CURR (N, DSD, Age/Sex/HIVStatus): Receiving ART 20-24, Female, Positive",6,7,12
Kenya,West Pokot County,West Pokot Sub County,Mnagei Ward,Keringet Health Centre,KncEaHz1RZ2,Keringet Health Centre,Keipsl14837,Hyvw9VnZ2ch.NCnIv37EwU1,"TX_CURR (N, DSD, Age/Sex/HIVStatus): Receiving ART 20-24, Male, Positive",2,1,1
Kenya,West Pokot County,West Pokot Sub County,Mnagei Ward,Keringet Health Centre,KncEaHz1RZ2,Keringet Health Centre,Keipsl14837,Hyvw9VnZ2ch.zqARzn2wVj5,"TX_CURR (N, DSD, Age/Sex/HIVStatus): Receiving ART 25-29, Female, Positive",10,12,16
Kenya,West Pokot County,West Pokot Sub County,Mnagei Ward,Keringet Health Centre,KncEaHz1RZ2,Keringet Health Centre,Keipsl14837,Hyvw9VnZ2ch.y9LP85d8t4b,"TX_CURR (N, DSD, Age/Sex/HIVStatus): Receiving ART 25-29, Male, Positive",1,1,2
Kenya,West Pokot County,West Pokot Sub County,Mnagei Ward,Keringet Health Centre,KncEaHz1RZ2,Keringet Health Centre,Keipsl14837,Hyvw9VnZ2ch.Vi8sd7mvZW4,"TX_CURR (N, DSD, Age/Sex/HIVStatus): Receiving ART 30-34, Female, Positive",10,12,14
Kenya,West Pokot County,West Pokot Sub County,Mnagei Ward,Keringet Health Centre,KncEaHz1RZ2,Keringet Health Centre,Keipsl14837,Hyvw9VnZ2ch.YDzeLL6xf5o,"TX_CURR (N, DSD, Age/Sex/HIVStatus): Receiving ART 30-34, Male, Positive",4,7,7
Kenya,West Pokot County,West Pokot Sub County,Mnagei Ward,Keringet Health Centre,KncEaHz1RZ2,Keringet Health Centre,Keipsl14837,Hyvw9VnZ2ch.hRq4baaUamW,"TX_CURR (N, DSD, Age/Sex/HIVStatus): Receiving ART 35-39, Female, Positive",14,14,19
Kenya,West Pokot County,West Pokot Sub County,Mnagei Ward,Keringet Health Centre,KncEaHz1RZ2,Keringet Health Centre,Keipsl14837,Hyvw9VnZ2ch.XcW5HWccYYZ,"TX_CURR (N, DSD, Age/Sex/HIVStatus): Receiving ART 35-39, Male, Positive",5,6,5
Kenya,West Pokot County,West Pokot Sub County,Mnagei Ward,Keringet Health Centre,KncEaHz1RZ2,Keringet Health Centre,Keipsl14837,Hyvw9VnZ2ch.PEXIFVXGP9S,"TX_CURR (N, DSD, Age/Sex/HIVStatus): Receiving ART 40-44, Female, Positive",13,14,17
Kenya,West Pokot County,West Pokot Sub County,Mnagei Ward,Keringet Health Centre,KncEaHz1RZ2,Keringet Health Centre,Keipsl14837,Hyvw9VnZ2ch.zouTxRQ0kXP,"TX_CURR (N, DSD, Age/Sex/HIVStatus): Receiving ART 40-44, Male, Positive",3,5,9
Kenya,West Pokot County,West Pokot Sub County,Mnagei Ward,Keringet Health Centre,KncEaHz1RZ2,Keringet Health Centre,Keipsl14837,Hyvw9VnZ2ch.J8fGj3Iefbc,"TX_CURR (N, DSD, Age/Sex/HIVStatus): Receiving ART 45-49, Female, Positive",19,18,17
Kenya,West Pokot County,West Pokot Sub County,Mnagei Ward,Keringet Health Centre,KncEaHz1RZ2,Keringet Health Centre,Keipsl14837,Hyvw9VnZ2ch.zUjkTTlva36,"TX_CURR (N, DSD, Age/Sex/HIVStatus): Receiving ART 45-49, Male, Positive",3,2,2
Kenya,West Pokot County,West Pokot Sub County,Mnagei Ward,Keringet Health Centre,KncEaHz1RZ2,Keringet Health Centre,Keipsl14837,Hyvw9VnZ2ch.zLbjm4E1NsG,"TX_CURR (N, DSD, Age/Sex/HIVStatus): Receiving ART 5-9, Female, Positive",1,1,2
Kenya,West Pokot County,West Pokot Sub County,Mnagei Ward,Keringet Health Centre,KncEaHz1RZ2,Keringet Health Centre,Keipsl14837,Hyvw9VnZ2ch.p1HABZs9ydt,"TX_CURR (N, DSD, Age/Sex/HIVStatus): Receiving ART 5-9, Male, Positive",1,1,1
Kenya,West Pokot County,West Pokot Sub County,Mnagei Ward,Keringet Health Centre,KncEaHz1RZ2,Keringet Health Centre,Keipsl14837,Hyvw9VnZ2ch.VdMgEQkOtuV,"TX_CURR (N, DSD, Age/Sex/HIVStatus): Receiving ART 50-54, Female, Positive",16,15,16
Kenya,West Pokot County,West Pokot Sub County,Mnagei Ward,Keringet Health Centre,KncEaHz1RZ2,Keringet Health Centre,Keipsl14837,Hyvw9VnZ2ch.i1yTaswn4qW,"TX_CURR (N, DSD, Age/Sex/HIVStatus): Receiving ART 50-54, Male, Positive",4,5,6
Kenya,West Pokot County,West Pokot Sub County,Mnagei Ward,Keringet Health Centre,KncEaHz1RZ2,Keringet Health Centre,Keipsl14837,Hyvw9VnZ2ch.yWgBf6UOK8d,"TX_CURR (N, DSD, Age/Sex/HIVStatus): Receiving ART 55-59, Female, Positive",10,10,14
Kenya,West Pokot County,West Pokot Sub County,Mnagei Ward,Keringet Health Centre,KncEaHz1RZ2,Keringet Health Centre,Keipsl14837,Hyvw9VnZ2ch.N9EXA1gNh16,"TX_CURR (N, DSD, Age/Sex/HIVStatus): Receiving ART 55-59, Male, Positive",7,8,7
Kenya,West Pokot County,West Pokot Sub County,Mnagei Ward,Keringet Health Centre,KncEaHz1RZ2,Keringet Health Centre,Keipsl14837,Hyvw9VnZ2ch.ay6Bp2UGIE5,"TX_CURR (N, DSD, Age/Sex/HIVStatus): Receiving ART 60-64, Female, Positive",5,5,9
Kenya,West Pokot County,West Pokot Sub County,Mnagei Ward,Keringet Health Centre,KncEaHz1RZ2,Keringet Health Centre,Keipsl14837,Hyvw9VnZ2ch.lNnwcd2RT4K,"TX_CURR (N, DSD, Age/Sex/HIVStatus): Receiving ART 60-64, Male, Positive",6,6,4
Kenya,West Pokot County,West Pokot Sub County,Mnagei Ward,Keringet Health Centre,KncEaHz1RZ2,Keringet Health Centre,Keipsl14837,Hyvw9VnZ2ch.YOMb0sp9VLV,"TX_CURR (N, DSD, Age/Sex/HIVStatus): Receiving ART 65+, Female, Positive",1,4,4
Kenya,West Pokot County,West Pokot Sub County,Mnagei Ward,Keringet Health Centre,KncEaHz1RZ2,Keringet Health Centre,Keipsl14837,Hyvw9VnZ2ch.Yy619I6uuTP,"TX_CURR (N, DSD, Age/Sex/HIVStatus): Receiving ART 65+, Male, Positive",9,8,10
Kenya,West Pokot County,Pokot North Sub County,Kapchok Ward,Konyao Dispensary,j6XO4MxM8pX,Konyao Dispensary,Keipsl14988,Hyvw9VnZ2ch.AG0milXShQM,"TX_CURR (N, DSD, Age/Sex/HIVStatus): Receiving ART 10-14, Female, Positive",1,1,1
Kenya,West Pokot County,Pokot North Sub County,Kapchok Ward,Konyao Dispensary,j6XO4MxM8pX,Konyao Dispensary,Keipsl14988,Hyvw9VnZ2ch.LyXZybq6Sjf,"TX_CURR (N, DSD, Age/Sex/HIVStatus): Receiving ART 20-24, Female, Positive",1,1,1
Kenya,West Pokot County,Pokot North Sub County,Kapchok Ward,Konyao Dispensary,j6XO4MxM8pX,Konyao Dispensary,Keipsl14988,Hyvw9VnZ2ch.zqARzn2wVj5,"TX_CURR (N, DSD, Age/Sex/HIVStatus): Receiving ART 25-29, Female, Positive",3,8,11
Kenya,West Pokot County,Pokot North Sub County,Kapchok Ward,Konyao Dispensary,j6XO4MxM8pX,Konyao Dispensary,Keipsl14988,Hyvw9VnZ2ch.y9LP85d8t4b,"TX_CURR (N, DSD, Age/Sex/HIVStatus): Receiving ART 25-29, Male, Positive",1,1,1
Kenya,West Pokot County,Pokot North Sub County,Kapchok Ward,Konyao Dispensary,j6XO4MxM8pX,Konyao Dispensary,Keipsl14988,Hyvw9VnZ2ch.Vi8sd7mvZW4,"TX_CURR (N, DSD, Age/Sex/HIVStatus): Receiving ART 30-34, Female, Positive",6,5,8
Kenya,West Pokot County,Pokot North Sub County,Kapchok Ward,Konyao Dispensary,j6XO4MxM8pX,Konyao Dispensary,Keipsl14988,Hyvw9VnZ2ch.YDzeLL6xf5o,"TX_CURR (N, DSD, Age/Sex/HIVStatus): Receiving ART 30-34, Male, Positive",,1,1
Kenya,West Pokot County,Pokot North Sub County,Kapchok Ward,Konyao Dispensary,j6XO4MxM8pX,Konyao Dispensary,Keipsl14988,Hyvw9VnZ2ch.hRq4baaUamW,"TX_CURR (N, DSD, Age/Sex/HIVStatus): Receiving ART 35-39, Female, Positive",15,17,23
Kenya,West Pokot County,Pokot North Sub County,Kapchok Ward,Konyao Dispensary,j6XO4MxM8pX,Konyao Dispensary,Keipsl14988,Hyvw9VnZ2ch.XcW5HWccYYZ,"TX_CURR (N, DSD, Age/Sex/HIVStatus): Receiving ART 35-39, Male, Positive",2,2,3
Kenya,West Pokot County,Pokot North Sub County,Kapchok Ward,Konyao Dispensary,j6XO4MxM8pX,Konyao Dispensary,Keipsl14988,Hyvw9VnZ2ch.PEXIFVXGP9S,"TX_CURR (N, DSD, Age/Sex/HIVStatus): Receiving ART 40-44, Female, Positive",4,8,9
Kenya,West Pokot County,Pokot North Sub County,Kapchok Ward,Konyao Dispensary,j6XO4MxM8pX,Konyao Dispensary,Keipsl14988,Hyvw9VnZ2ch.zouTxRQ0kXP,"TX_CURR (N, DSD, Age/Sex/HIVStatus): Receiving ART 40-44, Male, Positive",8,7,7
Kenya,West Pokot County,Pokot North Sub County,Kapchok Ward,Konyao Dispensary,j6XO4MxM8pX,Konyao Dispensary,Keipsl14988,Hyvw9VnZ2ch.J8fGj3Iefbc,"TX_CURR (N, DSD, Age/Sex/HIVStatus): Receiving ART 45-49, Female, Positive",1,1,2
Kenya,West Pokot County,Pokot North Sub County,Kapchok Ward,Konyao Dispensary,j6XO4MxM8pX,Konyao Dispensary,Keipsl14988,Hyvw9VnZ2ch.zUjkTTlva36,"TX_CURR (N, DSD, Age/Sex/HIVStatus): Receiving ART 45-49, Male, Positive",4,9,10
Kenya,West Pokot County,Pokot North Sub County,Kapchok Ward,Konyao Dispensary,j6XO4MxM8pX,Konyao Dispensary,Keipsl14988,Hyvw9VnZ2ch.p1HABZs9ydt,"TX_CURR (N, DSD, Age/Sex/HIVStatus): Receiving ART 5-9, Male, Positive",2,2,2
Kenya,West Pokot County,Pokot North Sub County,Kapchok Ward,Konyao Dispensary,j6XO4MxM8pX,Konyao Dispensary,Keipsl14988,Hyvw9VnZ2ch.VdMgEQkOtuV,"TX_CURR (N, DSD, Age/Sex/HIVStatus): Receiving ART 50-54, Female, Positive",4,3,4
Kenya,West Pokot County,Pokot North Sub County,Kapchok Ward,Konyao Dispensary,j6XO4MxM8pX,Konyao Dispensary,Keipsl14988,Hyvw9VnZ2ch.i1yTaswn4qW,"TX_CURR (N, DSD, Age/Sex/HIVStatus): Receiving ART 50-54, Male, Positive",3,2,2
Kenya,West Pokot County,Pokot North Sub County,Kapchok Ward,Konyao Dispensary,j6XO4MxM8pX,Konyao Dispensary,Keipsl14988,Hyvw9VnZ2ch.yWgBf6UOK8d,"TX_CURR (N, DSD, Age/Sex/HIVStatus): Receiving ART 55-59, Female, Positive",5,,
Kenya,West Pokot County,Pokot North Sub County,Kapchok Ward,Konyao Dispensary,j6XO4MxM8pX,Konyao Dispensary,Keipsl14988,Hyvw9VnZ2ch.N9EXA1gNh16,"TX_CURR (N, DSD, Age/Sex/HIVStatus): Receiving ART 55-59, Male, Positive",1,2,
Kenya,West Pokot County,Pokot North Sub County,Kapchok Ward,Konyao Dispensary,j6XO4MxM8pX,Konyao Dispensary,Keipsl14988,Hyvw9VnZ2ch.ay6Bp2UGIE5,"TX_CURR (N, DSD, Age/Sex/HIVStatus): Receiving ART 60-64, Female, Positive",,1,1
Kenya,West Pokot County,Pokot North Sub County,Kapchok Ward,Konyao Dispensary,j6XO4MxM8pX,Konyao Dispensary,Keipsl14988,Hyvw9VnZ2ch.lNnwcd2RT4K,"TX_CURR (N, DSD, Age/Sex/HIVStatus): Receiving ART 60-64, Male, Positive",2,,2
Kenya,West Pokot County,Pokot North Sub County,Kapchok Ward,Konyao Dispensary,j6XO4MxM8pX,Konyao Dispensary,Keipsl14988,Hyvw9VnZ2ch.YOMb0sp9VLV,"TX_CURR (N, DSD, Age/Sex/HIVStatus): Receiving ART 65+, Female, Positive",2,2,2
Kenya,West Pokot County,Pokot Central Sub County,Lomut Ward,Lomut Dispensary,ZzIfW53pEx9,Lomut Dispensary,Keipsl15073,Hyvw9VnZ2ch.jjUGfPF0ObP,"TX_CURR (N, DSD, Age/Sex/HIVStatus): Receiving ART 1-4, Male, Positive",1,1,1
Kenya,West Pokot County,Pokot Central Sub County,Lomut Ward,Lomut Dispensary,ZzIfW53pEx9,Lomut Dispensary,Keipsl15073,Hyvw9VnZ2ch.AG0milXShQM,"TX_CURR (N, DSD, Age/Sex/HIVStatus): Receiving ART 10-14, Female, Positive",2,2,1
Kenya,West Pokot County,Pokot Central Sub County,Lomut Ward,Lomut Dispensary,ZzIfW53pEx9,Lomut Dispensary,Keipsl15073,Hyvw9VnZ2ch.QqlHrg6f0Sm,"TX_CURR (N, DSD, Age/Sex/HIVStatus): Receiving ART 15-19, Female, Positive",1,1,1
Kenya,West Pokot County,Pokot Central Sub County,Lomut Ward,Lomut Dispensary,ZzIfW53pEx9,Lomut Dispensary,Keipsl15073,Hyvw9VnZ2ch.LyXZybq6Sjf,"TX_CURR (N, DSD, Age/Sex/HIVStatus): Receiving ART 20-24, Female, Positive",2,6,8
Kenya,West Pokot County,Pokot Central Sub County,Lomut Ward,Lomut Dispensary,ZzIfW53pEx9,Lomut Dispensary,Keipsl15073,Hyvw9VnZ2ch.zqARzn2wVj5,"TX_CURR (N, DSD, Age/Sex/HIVStatus): Receiving ART 25-29, Female, Positive",3,3,2
Kenya,West Pokot County,Pokot Central Sub County,Lomut Ward,Lomut Dispensary,ZzIfW53pEx9,Lomut Dispensary,Keipsl15073,Hyvw9VnZ2ch.y9LP85d8t4b,"TX_CURR (N, DSD, Age/Sex/HIVStatus): Receiving ART 25-29, Male, Positive",1,1,3
Kenya,West Pokot County,Pokot Central Sub County,Lomut Ward,Lomut Dispensary,ZzIfW53pEx9,Lomut Dispensary,Keipsl15073,Hyvw9VnZ2ch.Vi8sd7mvZW4,"TX_CURR (N, DSD, Age/Sex/HIVStatus): Receiving ART 30-34, Female, Positive",3,1,1
Kenya,West Pokot County,Pokot Central Sub County,Lomut Ward,Lomut Dispensary,ZzIfW53pEx9,Lomut Dispensary,Keipsl15073,Hyvw9VnZ2ch.YDzeLL6xf5o,"TX_CURR (N, DSD, Age/Sex/HIVStatus): Receiving ART 30-34, Male, Positive",3,4,2
Kenya,West Pokot County,Pokot Central Sub County,Lomut Ward,Lomut Dispensary,ZzIfW53pEx9,Lomut Dispensary,Keipsl15073,Hyvw9VnZ2ch.hRq4baaUamW,"TX_CURR (N, DSD, Age/Sex/HIVStatus): Receiving ART 35-39, Female, Positive",5,9,12
Kenya,West Pokot County,Pokot Central Sub County,Lomut Ward,Lomut Dispensary,ZzIfW53pEx9,Lomut Dispensary,Keipsl15073,Hyvw9VnZ2ch.XcW5HWccYYZ,"TX_CURR (N, DSD, Age/Sex/HIVStatus): Receiving ART 35-39, Male, Positive",3,2,5
Kenya,West Pokot County,Pokot Central Sub County,Lomut Ward,Lomut Dispensary,ZzIfW53pEx9,Lomut Dispensary,Keipsl15073,Hyvw9VnZ2ch.PEXIFVXGP9S,"TX_CURR (N, DSD, Age/Sex/HIVStatus): Receiving ART 40-44, Female, Positive",3,4,2
Kenya,West Pokot County,Pokot Central Sub County,Lomut Ward,Lomut Dispensary,ZzIfW53pEx9,Lomut Dispensary,Keipsl15073,Hyvw9VnZ2ch.zouTxRQ0kXP,"TX_CURR (N, DSD, Age/Sex/HIVStatus): Receiving ART 40-44, Male, Positive",2,3,5
Kenya,West Pokot County,Pokot Central Sub County,Lomut Ward,Lomut Dispensary,ZzIfW53pEx9,Lomut Dispensary,Keipsl15073,Hyvw9VnZ2ch.J8fGj3Iefbc,"TX_CURR (N, DSD, Age/Sex/HIVStatus): Receiving ART 45-49, Female, Positive",5,2,3
Kenya,West Pokot County,Pokot Central Sub County,Lomut Ward,Lomut Dispensary,ZzIfW53pEx9,Lomut Dispensary,Keipsl15073,Hyvw9VnZ2ch.zUjkTTlva36,"TX_CURR (N, DSD, Age/Sex/HIVStatus): Receiving ART 45-49, Male, Positive",2,4,2
Kenya,West Pokot County,Pokot Central Sub County,Lomut Ward,Lomut Dispensary,ZzIfW53pEx9,Lomut Dispensary,Keipsl15073,Hyvw9VnZ2ch.zLbjm4E1NsG,"TX_CURR (N, DSD, Age/Sex/HIVStatus): Receiving ART 5-9, Female, Positive",,,1
Kenya,West Pokot County,Pokot Central Sub County,Lomut Ward,Lomut Dispensary,ZzIfW53pEx9,Lomut Dispensary,Keipsl15073,Hyvw9VnZ2ch.p1HABZs9ydt,"TX_CURR (N, DSD, Age/Sex/HIVStatus): Receiving ART 5-9, Male, Positive",1,1,1
Kenya,West Pokot County,Pokot Central Sub County,Lomut Ward,Lomut Dispensary,ZzIfW53pEx9,Lomut Dispensary,Keipsl15073,Hyvw9VnZ2ch.VdMgEQkOtuV,"TX_CURR (N, DSD, Age/Sex/HIVStatus): Receiving ART 50-54, Female, Positive",4,3,3
Kenya,West Pokot County,Pokot Central Sub County,Lomut Ward,Lomut Dispensary,ZzIfW53pEx9,Lomut Dispensary,Keipsl15073,Hyvw9VnZ2ch.i1yTaswn4qW,"TX_CURR (N, DSD, Age/Sex/HIVStatus): Receiving ART 50-54, Male, Positive",1,2,3
Kenya,West Pokot County,Pokot Central Sub County,Lomut Ward,Lomut Dispensary,ZzIfW53pEx9,Lomut Dispensary,Keipsl15073,Hyvw9VnZ2ch.yWgBf6UOK8d,"TX_CURR (N, DSD, Age/Sex/HIVStatus): Receiving ART 55-59, Female, Positive",2,1,1
Kenya,West Pokot County,Pokot Central Sub County,Lomut Ward,Lomut Dispensary,ZzIfW53pEx9,Lomut Dispensary,Keipsl15073,Hyvw9VnZ2ch.N9EXA1gNh16,"TX_CURR (N, DSD, Age/Sex/HIVStatus): Receiving ART 55-59, Male, Positive",1,,
Kenya,West Pokot County,Pokot Central Sub County,Lomut Ward,Lomut Dispensary,ZzIfW53pEx9,Lomut Dispensary,Keipsl15073,Hyvw9VnZ2ch.ay6Bp2UGIE5,"TX_CURR (N, DSD, Age/Sex/HIVStatus): Receiving ART 60-64, Female, Positive",2,1,4
Kenya,West Pokot County,Pokot Central Sub County,Lomut Ward,Lomut Dispensary,ZzIfW53pEx9,Lomut Dispensary,Keipsl15073,Hyvw9VnZ2ch.lNnwcd2RT4K,"TX_CURR (N, DSD, Age/Sex/HIVStatus): Receiving ART 60-64, Male, Positive",1,,
Kenya,West Pokot County,Pokot Central Sub County,Lomut Ward,Lomut Dispensary,ZzIfW53pEx9,Lomut Dispensary,Keipsl15073,Hyvw9VnZ2ch.YOMb0sp9VLV,"TX_CURR (N, DSD, Age/Sex/HIVStatus): Receiving ART 65+, Female, Positive",2,3,2
Kenya,West Pokot County,Pokot Central Sub County,Lomut Ward,Lomut Dispensary,ZzIfW53pEx9,Lomut Dispensary,Keipsl15073,Hyvw9VnZ2ch.Yy619I6uuTP,"TX_CURR (N, DSD, Age/Sex/HIVStatus): Receiving ART 65+, Male, Positive",1,2,2
Kenya,West Pokot County,West Pokot Sub County,Mnagei Ward,Murkwijit dispensary,eib0yLHoP84,Murkwijit dispensary,Keipsl20055,Hyvw9VnZ2ch.jjUGfPF0ObP,"TX_CURR (N, DSD, Age/Sex/HIVStatus): Receiving ART 1-4, Male, Positive",,,1
Kenya,West Pokot County,West Pokot Sub County,Mnagei Ward,Murkwijit dispensary,eib0yLHoP84,Murkwijit dispensary,Keipsl20055,Hyvw9VnZ2ch.AG0milXShQM,"TX_CURR (N, DSD, Age/Sex/HIVStatus): Receiving ART 10-14, Female, Positive",1,1,1
Kenya,West Pokot County,West Pokot Sub County,Mnagei Ward,Murkwijit dispensary,eib0yLHoP84,Murkwijit dispensary,Keipsl20055,Hyvw9VnZ2ch.tEMe0224zlP,"TX_CURR (N, DSD, Age/Sex/HIVStatus): Receiving ART 10-14, Male, Positive",2,1,1
Kenya,West Pokot County,West Pokot Sub County,Mnagei Ward,Murkwijit dispensary,eib0yLHoP84,Murkwijit dispensary,Keipsl20055,Hyvw9VnZ2ch.QqlHrg6f0Sm,"TX_CURR (N, DSD, Age/Sex/HIVStatus): Receiving ART 15-19, Female, Positive",2,2,2
Kenya,West Pokot County,West Pokot Sub County,Mnagei Ward,Murkwijit dispensary,eib0yLHoP84,Murkwijit dispensary,Keipsl20055,Hyvw9VnZ2ch.LpnJL4zZxRH,"TX_CURR (N, DSD, Age/Sex/HIVStatus): Receiving ART 15-19, Male, Positive",,1,1
Kenya,West Pokot County,West Pokot Sub County,Mnagei Ward,Murkwijit dispensary,eib0yLHoP84,Murkwijit dispensary,Keipsl20055,Hyvw9VnZ2ch.LyXZybq6Sjf,"TX_CURR (N, DSD, Age/Sex/HIVStatus): Receiving ART 20-24, Female, Positive",3,3,5
Kenya,West Pokot County,West Pokot Sub County,Mnagei Ward,Murkwijit dispensary,eib0yLHoP84,Murkwijit dispensary,Keipsl20055,Hyvw9VnZ2ch.zqARzn2wVj5,"TX_CURR (N, DSD, Age/Sex/HIVStatus): Receiving ART 25-29, Female, Positive",12,13,14
Kenya,West Pokot County,West Pokot Sub County,Mnagei Ward,Murkwijit dispensary,eib0yLHoP84,Murkwijit dispensary,Keipsl20055,Hyvw9VnZ2ch.y9LP85d8t4b,"TX_CURR (N, DSD, Age/Sex/HIVStatus): Receiving ART 25-29, Male, Positive",1,,1
Kenya,West Pokot County,West Pokot Sub County,Mnagei Ward,Murkwijit dispensary,eib0yLHoP84,Murkwijit dispensary,Keipsl20055,Hyvw9VnZ2ch.Vi8sd7mvZW4,"TX_CURR (N, DSD, Age/Sex/HIVStatus): Receiving ART 30-34, Female, Positive",8,6,10
Kenya,West Pokot County,West Pokot Sub County,Mnagei Ward,Murkwijit dispensary,eib0yLHoP84,Murkwijit dispensary,Keipsl20055,Hyvw9VnZ2ch.YDzeLL6xf5o,"TX_CURR (N, DSD, Age/Sex/HIVStatus): Receiving ART 30-34, Male, Positive",2,2,1
Kenya,West Pokot County,West Pokot Sub County,Mnagei Ward,Murkwijit dispensary,eib0yLHoP84,Murkwijit dispensary,Keipsl20055,Hyvw9VnZ2ch.hRq4baaUamW,"TX_CURR (N, DSD, Age/Sex/HIVStatus): Receiving ART 35-39, Female, Positive",6,7,12
Kenya,West Pokot County,West Pokot Sub County,Mnagei Ward,Murkwijit dispensary,eib0yLHoP84,Murkwijit dispensary,Keipsl20055,Hyvw9VnZ2ch.XcW5HWccYYZ,"TX_CURR (N, DSD, Age/Sex/HIVStatus): Receiving ART 35-39, Male, Positive",1,1,3
Kenya,West Pokot County,West Pokot Sub County,Mnagei Ward,Murkwijit dispensary,eib0yLHoP84,Murkwijit dispensary,Keipsl20055,Hyvw9VnZ2ch.PEXIFVXGP9S,"TX_CURR (N, DSD, Age/Sex/HIVStatus): Receiving ART 40-44, Female, Positive",8,5,7
Kenya,West Pokot County,West Pokot Sub County,Mnagei Ward,Murkwijit dispensary,eib0yLHoP84,Murkwijit dispensary,Keipsl20055,Hyvw9VnZ2ch.zouTxRQ0kXP,"TX_CURR (N, DSD, Age/Sex/HIVStatus): Receiving ART 40-44, Male, Positive",5,5,6
Kenya,West Pokot County,West Pokot Sub County,Mnagei Ward,Murkwijit dispensary,eib0yLHoP84,Murkwijit dispensary,Keipsl20055,Hyvw9VnZ2ch.J8fGj3Iefbc,"TX_CURR (N, DSD, Age/Sex/HIVStatus): Receiving ART 45-49, Female, Positive",5,5,8
Kenya,West Pokot County,West Pokot Sub County,Mnagei Ward,Murkwijit dispensary,eib0yLHoP84,Murkwijit dispensary,Keipsl20055,Hyvw9VnZ2ch.zUjkTTlva36,"TX_CURR (N, DSD, Age/Sex/HIVStatus): Receiving ART 45-49, Male, Positive",4,7,8
Kenya,West Pokot County,West Pokot Sub County,Mnagei Ward,Murkwijit dispensary,eib0yLHoP84,Murkwijit dispensary,Keipsl20055,Hyvw9VnZ2ch.zLbjm4E1NsG,"TX_CURR (N, DSD, Age/Sex/HIVStatus): Receiving ART 5-9, Female, Positive",2,2,2
Kenya,West Pokot County,West Pokot Sub County,Mnagei Ward,Murkwijit dispensary,eib0yLHoP84,Murkwijit dispensary,Keipsl20055,Hyvw9VnZ2ch.p1HABZs9ydt,"TX_CURR (N, DSD, Age/Sex/HIVStatus): Receiving ART 5-9, Male, Positive",1,1,1
Kenya,West Pokot County,West Pokot Sub County,Mnagei Ward,Murkwijit dispensary,eib0yLHoP84,Murkwijit dispensary,Keipsl20055,Hyvw9VnZ2ch.VdMgEQkOtuV,"TX_CURR (N, DSD, Age/Sex/HIVStatus): Receiving ART 50-54, Female, Positive",5,2,3
Kenya,West Pokot County,West Pokot Sub County,Mnagei Ward,Murkwijit dispensary,eib0yLHoP84,Murkwijit dispensary,Keipsl20055,Hyvw9VnZ2ch.i1yTaswn4qW,"TX_CURR (N, DSD, Age/Sex/HIVStatus): Receiving ART 50-54, Male, Positive",,2,3
Kenya,West Pokot County,West Pokot Sub County,Mnagei Ward,Murkwijit dispensary,eib0yLHoP84,Murkwijit dispensary,Keipsl20055,Hyvw9VnZ2ch.yWgBf6UOK8d,"TX_CURR (N, DSD, Age/Sex/HIVStatus): Receiving ART 55-59, Female, Positive",6,5,5
Kenya,West Pokot County,West Pokot Sub County,Mnagei Ward,Murkwijit dispensary,eib0yLHoP84,Murkwijit dispensary,Keipsl20055,Hyvw9VnZ2ch.N9EXA1gNh16,"TX_CURR (N, DSD, Age/Sex/HIVStatus): Receiving ART 55-59, Male, Positive",2,3,3
Kenya,West Pokot County,West Pokot Sub County,Mnagei Ward,Murkwijit dispensary,eib0yLHoP84,Murkwijit dispensary,Keipsl20055,Hyvw9VnZ2ch.ay6Bp2UGIE5,"TX_CURR (N, DSD, Age/Sex/HIVStatus): Receiving ART 60-64, Female, Positive",1,2,4
Kenya,West Pokot County,West Pokot Sub County,Mnagei Ward,Murkwijit dispensary,eib0yLHoP84,Murkwijit dispensary,Keipsl20055,Hyvw9VnZ2ch.lNnwcd2RT4K,"TX_CURR (N, DSD, Age/Sex/HIVStatus): Receiving ART 60-64, Male, Positive",2,1,1
Kenya,West Pokot County,West Pokot Sub County,Mnagei Ward,Murkwijit dispensary,eib0yLHoP84,Murkwijit dispensary,Keipsl20055,Hyvw9VnZ2ch.YOMb0sp9VLV,"TX_CURR (N, DSD, Age/Sex/HIVStatus): Receiving ART 65+, Female, Positive",3,3,3
Kenya,West Pokot County,West Pokot Sub County,Mnagei Ward,Murkwijit dispensary,eib0yLHoP84,Murkwijit dispensary,Keipsl20055,Hyvw9VnZ2ch.Yy619I6uuTP,"TX_CURR (N, DSD, Age/Sex/HIVStatus): Receiving ART 65+, Male, Positive",1,1,2
Kenya,West Pokot County,Pokot South Sub County,Batei Ward,Ortum Hospital,F1Y9giq4xH3,Ortum Hospital,Keipsl15446,Hyvw9VnZ2ch.dRjezxQktoz,"TX_CURR (N, DSD, Age/Sex/HIVStatus): Receiving ART 1-4, Female, Positive",1,1,2
Kenya,West Pokot County,Pokot South Sub County,Batei Ward,Ortum Hospital,F1Y9giq4xH3,Ortum Hospital,Keipsl15446,Hyvw9VnZ2ch.jjUGfPF0ObP,"TX_CURR (N, DSD, Age/Sex/HIVStatus): Receiving ART 1-4, Male, Positive",1,1,2
Kenya,West Pokot County,Pokot South Sub County,Batei Ward,Ortum Hospital,F1Y9giq4xH3,Ortum Hospital,Keipsl15446,Hyvw9VnZ2ch.AG0milXShQM,"TX_CURR (N, DSD, Age/Sex/HIVStatus): Receiving ART 10-14, Female, Positive",6,7,8
Kenya,West Pokot County,Pokot South Sub County,Batei Ward,Ortum Hospital,F1Y9giq4xH3,Ortum Hospital,Keipsl15446,Hyvw9VnZ2ch.tEMe0224zlP,"TX_CURR (N, DSD, Age/Sex/HIVStatus): Receiving ART 10-14, Male, Positive",1,2,2
Kenya,West Pokot County,Pokot South Sub County,Batei Ward,Ortum Hospital,F1Y9giq4xH3,Ortum Hospital,Keipsl15446,Hyvw9VnZ2ch.QqlHrg6f0Sm,"TX_CURR (N, DSD, Age/Sex/HIVStatus): Receiving ART 15-19, Female, Positive",7,6,6
Kenya,West Pokot County,Pokot South Sub County,Batei Ward,Ortum Hospital,F1Y9giq4xH3,Ortum Hospital,Keipsl15446,Hyvw9VnZ2ch.LpnJL4zZxRH,"TX_CURR (N, DSD, Age/Sex/HIVStatus): Receiving ART 15-19, Male, Positive",2,2,2
Kenya,West Pokot County,Pokot South Sub County,Batei Ward,Ortum Hospital,F1Y9giq4xH3,Ortum Hospital,Keipsl15446,Hyvw9VnZ2ch.LyXZybq6Sjf,"TX_CURR (N, DSD, Age/Sex/HIVStatus): Receiving ART 20-24, Female, Positive",11,13,12
Kenya,West Pokot County,Pokot South Sub County,Batei Ward,Ortum Hospital,F1Y9giq4xH3,Ortum Hospital,Keipsl15446,Hyvw9VnZ2ch.NCnIv37EwU1,"TX_CURR (N, DSD, Age/Sex/HIVStatus): Receiving ART 20-24, Male, Positive",2,2,2
Kenya,West Pokot County,Pokot South Sub County,Batei Ward,Ortum Hospital,F1Y9giq4xH3,Ortum Hospital,Keipsl15446,Hyvw9VnZ2ch.zqARzn2wVj5,"TX_CURR (N, DSD, Age/Sex/HIVStatus): Receiving ART 25-29, Female, Positive",13,15,17
Kenya,West Pokot County,Pokot South Sub County,Batei Ward,Ortum Hospital,F1Y9giq4xH3,Ortum Hospital,Keipsl15446,Hyvw9VnZ2ch.y9LP85d8t4b,"TX_CURR (N, DSD, Age/Sex/HIVStatus): Receiving ART 25-29, Male, Positive",3,4,3
Kenya,West Pokot County,Pokot South Sub County,Batei Ward,Ortum Hospital,F1Y9giq4xH3,Ortum Hospital,Keipsl15446,Hyvw9VnZ2ch.Vi8sd7mvZW4,"TX_CURR (N, DSD, Age/Sex/HIVStatus): Receiving ART 30-34, Female, Positive",20,21,22
Kenya,West Pokot County,Pokot South Sub County,Batei Ward,Ortum Hospital,F1Y9giq4xH3,Ortum Hospital,Keipsl15446,Hyvw9VnZ2ch.YDzeLL6xf5o,"TX_CURR (N, DSD, Age/Sex/HIVStatus): Receiving ART 30-34, Male, Positive",9,10,9
Kenya,West Pokot County,Pokot South Sub County,Batei Ward,Ortum Hospital,F1Y9giq4xH3,Ortum Hospital,Keipsl15446,Hyvw9VnZ2ch.hRq4baaUamW,"TX_CURR (N, DSD, Age/Sex/HIVStatus): Receiving ART 35-39, Female, Positive",15,15,15
Kenya,West Pokot County,Pokot South Sub County,Batei Ward,Ortum Hospital,F1Y9giq4xH3,Ortum Hospital,Keipsl15446,Hyvw9VnZ2ch.XcW5HWccYYZ,"TX_CURR (N, DSD, Age/Sex/HIVStatus): Receiving ART 35-39, Male, Positive",9,10,11
Kenya,West Pokot County,Pokot South Sub County,Batei Ward,Ortum Hospital,F1Y9giq4xH3,Ortum Hospital,Keipsl15446,Hyvw9VnZ2ch.PEXIFVXGP9S,"TX_CURR (N, DSD, Age/Sex/HIVStatus): Receiving ART 40-44, Female, Positive",14,15,13
Kenya,West Pokot County,Pokot South Sub County,Batei Ward,Ortum Hospital,F1Y9giq4xH3,Ortum Hospital,Keipsl15446,Hyvw9VnZ2ch.zouTxRQ0kXP,"TX_CURR (N, DSD, Age/Sex/HIVStatus): Receiving ART 40-44, Male, Positive",6,6,6
Kenya,West Pokot County,Pokot South Sub County,Batei Ward,Ortum Hospital,F1Y9giq4xH3,Ortum Hospital,Keipsl15446,Hyvw9VnZ2ch.J8fGj3Iefbc,"TX_CURR (N, DSD, Age/Sex/HIVStatus): Receiving ART 45-49, Female, Positive",11,12,14
Kenya,West Pokot County,Pokot South Sub County,Batei Ward,Ortum Hospital,F1Y9giq4xH3,Ortum Hospital,Keipsl15446,Hyvw9VnZ2ch.zUjkTTlva36,"TX_CURR (N, DSD, Age/Sex/HIVStatus): Receiving ART 45-49, Male, Positive",13,12,12
Kenya,West Pokot County,Pokot South Sub County,Batei Ward,Ortum Hospital,F1Y9giq4xH3,Ortum Hospital,Keipsl15446,Hyvw9VnZ2ch.zLbjm4E1NsG,"TX_CURR (N, DSD, Age/Sex/HIVStatus): Receiving ART 5-9, Female, Positive",2,1,1
Kenya,West Pokot County,Pokot South Sub County,Batei Ward,Ortum Hospital,F1Y9giq4xH3,Ortum Hospital,Keipsl15446,Hyvw9VnZ2ch.p1HABZs9ydt,"TX_CURR (N, DSD, Age/Sex/HIVStatus): Receiving ART 5-9, Male, Positive",5,4,4
Kenya,West Pokot County,Pokot South Sub County,Batei Ward,Ortum Hospital,F1Y9giq4xH3,Ortum Hospital,Keipsl15446,Hyvw9VnZ2ch.VdMgEQkOtuV,"TX_CURR (N, DSD, Age/Sex/HIVStatus): Receiving ART 50-54, Female, Positive",11,10,12
Kenya,West Pokot County,Pokot South Sub County,Batei Ward,Ortum Hospital,F1Y9giq4xH3,Ortum Hospital,Keipsl15446,Hyvw9VnZ2ch.i1yTaswn4qW,"TX_CURR (N, DSD, Age/Sex/HIVStatus): Receiving ART 50-54, Male, Positive",6,7,12
Kenya,West Pokot County,Pokot South Sub County,Batei Ward,Ortum Hospital,F1Y9giq4xH3,Ortum Hospital,Keipsl15446,Hyvw9VnZ2ch.yWgBf6UOK8d,"TX_CURR (N, DSD, Age/Sex/HIVStatus): Receiving ART 55-59, Female, Positive",4,4,4
Kenya,West Pokot County,Pokot South Sub County,Batei Ward,Ortum Hospital,F1Y9giq4xH3,Ortum Hospital,Keipsl15446,Hyvw9VnZ2ch.N9EXA1gNh16,"TX_CURR (N, DSD, Age/Sex/HIVStatus): Receiving ART 55-59, Male, Positive",3,3,3
Kenya,West Pokot County,Pokot South Sub County,Batei Ward,Ortum Hospital,F1Y9giq4xH3,Ortum Hospital,Keipsl15446,Hyvw9VnZ2ch.ay6Bp2UGIE5,"TX_CURR (N, DSD, Age/Sex/HIVStatus): Receiving ART 60-64, Female, Positive",4,4,3
Kenya,West Pokot County,Pokot South Sub County,Batei Ward,Ortum Hospital,F1Y9giq4xH3,Ortum Hospital,Keipsl15446,Hyvw9VnZ2ch.lNnwcd2RT4K,"TX_CURR (N, DSD, Age/Sex/HIVStatus): Receiving ART 60-64, Male, Positive",2,2,2
Kenya,West Pokot County,Pokot South Sub County,Batei Ward,Ortum Hospital,F1Y9giq4xH3,Ortum Hospital,Keipsl15446,Hyvw9VnZ2ch.YOMb0sp9VLV,"TX_CURR (N, DSD, Age/Sex/HIVStatus): Receiving ART 65+, Female, Positive",4,4,5
Kenya,West Pokot County,Pokot South Sub County,Batei Ward,Ortum Hospital,F1Y9giq4xH3,Ortum Hospital,Keipsl15446,Hyvw9VnZ2ch.Yy619I6uuTP,"TX_CURR (N, DSD, Age/Sex/HIVStatus): Receiving ART 65+, Male, Positive",2,2,1
Kenya,West Pokot County,Pokot Central Sub County,Wei Wei Ward,Sigor Sub District Hospital,Dd4o4GIlPhm,Sigor Sub District Hospital,Keipsl15564,Hyvw9VnZ2ch.dRjezxQktoz,"TX_CURR (N, DSD, Age/Sex/HIVStatus): Receiving ART 1-4, Female, Positive",,1,1
Kenya,West Pokot County,Pokot Central Sub County,Wei Wei Ward,Sigor Sub District Hospital,Dd4o4GIlPhm,Sigor Sub District Hospital,Keipsl15564,Hyvw9VnZ2ch.jjUGfPF0ObP,"TX_CURR (N, DSD, Age/Sex/HIVStatus): Receiving ART 1-4, Male, Positive",1,,
Kenya,West Pokot County,Pokot Central Sub County,Wei Wei Ward,Sigor Sub District Hospital,Dd4o4GIlPhm,Sigor Sub District Hospital,Keipsl15564,Hyvw9VnZ2ch.AG0milXShQM,"TX_CURR (N, DSD, Age/Sex/HIVStatus): Receiving ART 10-14, Female, Positive",4,3,3
Kenya,West Pokot County,Pokot Central Sub County,Wei Wei Ward,Sigor Sub District Hospital,Dd4o4GIlPhm,Sigor Sub District Hospital,Keipsl15564,Hyvw9VnZ2ch.tEMe0224zlP,"TX_CURR (N, DSD, Age/Sex/HIVStatus): Receiving ART 10-14, Male, Positive",3,4,3
Kenya,West Pokot County,Pokot Central Sub County,Wei Wei Ward,Sigor Sub District Hospital,Dd4o4GIlPhm,Sigor Sub District Hospital,Keipsl15564,Hyvw9VnZ2ch.QqlHrg6f0Sm,"TX_CURR (N, DSD, Age/Sex/HIVStatus): Receiving ART 15-19, Female, Positive",3,3,3
Kenya,West Pokot County,Pokot Central Sub County,Wei Wei Ward,Sigor Sub District Hospital,Dd4o4GIlPhm,Sigor Sub District Hospital,Keipsl15564,Hyvw9VnZ2ch.LpnJL4zZxRH,"TX_CURR (N, DSD, Age/Sex/HIVStatus): Receiving ART 15-19, Male, Positive",3,3,4
Kenya,West Pokot County,Pokot Central Sub County,Wei Wei Ward,Sigor Sub District Hospital,Dd4o4GIlPhm,Sigor Sub District Hospital,Keipsl15564,Hyvw9VnZ2ch.LyXZybq6Sjf,"TX_CURR (N, DSD, Age/Sex/HIVStatus): Receiving ART 20-24, Female, Positive",8,8,8
Kenya,West Pokot County,Pokot Central Sub County,Wei Wei Ward,Sigor Sub District Hospital,Dd4o4GIlPhm,Sigor Sub District Hospital,Keipsl15564,Hyvw9VnZ2ch.NCnIv37EwU1,"TX_CURR (N, DSD, Age/Sex/HIVStatus): Receiving ART 20-24, Male, Positive",4,6,6
Kenya,West Pokot County,Pokot Central Sub County,Wei Wei Ward,Sigor Sub District Hospital,Dd4o4GIlPhm,Sigor Sub District Hospital,Keipsl15564,Hyvw9VnZ2ch.zqARzn2wVj5,"TX_CURR (N, DSD, Age/Sex/HIVStatus): Receiving ART 25-29, Female, Positive",34,33,28
Kenya,West Pokot County,Pokot Central Sub County,Wei Wei Ward,Sigor Sub District Hospital,Dd4o4GIlPhm,Sigor Sub District Hospital,Keipsl15564,Hyvw9VnZ2ch.y9LP85d8t4b,"TX_CURR (N, DSD, Age/Sex/HIVStatus): Receiving ART 25-29, Male, Positive",8,7,4
Kenya,West Pokot County,Pokot Central Sub County,Wei Wei Ward,Sigor Sub District Hospital,Dd4o4GIlPhm,Sigor Sub District Hospital,Keipsl15564,Hyvw9VnZ2ch.Vi8sd7mvZW4,"TX_CURR (N, DSD, Age/Sex/HIVStatus): Receiving ART 30-34, Female, Positive",33,34,28
Kenya,West Pokot County,Pokot Central Sub County,Wei Wei Ward,Sigor Sub District Hospital,Dd4o4GIlPhm,Sigor Sub District Hospital,Keipsl15564,Hyvw9VnZ2ch.YDzeLL6xf5o,"TX_CURR (N, DSD, Age/Sex/HIVStatus): Receiving ART 30-34, Male, Positive",10,9,14
Kenya,West Pokot County,Pokot Central Sub County,Wei Wei Ward,Sigor Sub District Hospital,Dd4o4GIlPhm,Sigor Sub District Hospital,Keipsl15564,Hyvw9VnZ2ch.hRq4baaUamW,"TX_CURR (N, DSD, Age/Sex/HIVStatus): Receiving ART 35-39, Female, Positive",22,22,28
Kenya,West Pokot County,Pokot Central Sub County,Wei Wei Ward,Sigor Sub District Hospital,Dd4o4GIlPhm,Sigor Sub District Hospital,Keipsl15564,Hyvw9VnZ2ch.XcW5HWccYYZ,"TX_CURR (N, DSD, Age/Sex/HIVStatus): Receiving ART 35-39, Male, Positive",9,8,8
Kenya,West Pokot County,Pokot Central Sub County,Wei Wei Ward,Sigor Sub District Hospital,Dd4o4GIlPhm,Sigor Sub District Hospital,Keipsl15564,Hyvw9VnZ2ch.PEXIFVXGP9S,"TX_CURR (N, DSD, Age/Sex/HIVStatus): Receiving ART 40-44, Female, Positive",16,17,15
Kenya,West Pokot County,Pokot Central Sub County,Wei Wei Ward,Sigor Sub District Hospital,Dd4o4GIlPhm,Sigor Sub District Hospital,Keipsl15564,Hyvw9VnZ2ch.zouTxRQ0kXP,"TX_CURR (N, DSD, Age/Sex/HIVStatus): Receiving ART 40-44, Male, Positive",8,7,6
Kenya,West Pokot County,Pokot Central Sub County,Wei Wei Ward,Sigor Sub District Hospital,Dd4o4GIlPhm,Sigor Sub District Hospital,Keipsl15564,Hyvw9VnZ2ch.J8fGj3Iefbc,"TX_CURR (N, DSD, Age/Sex/HIVStatus): Receiving ART 45-49, Female, Positive",21,19,22
Kenya,West Pokot County,Pokot Central Sub County,Wei Wei Ward,Sigor Sub District Hospital,Dd4o4GIlPhm,Sigor Sub District Hospital,Keipsl15564,Hyvw9VnZ2ch.zUjkTTlva36,"TX_CURR (N, DSD, Age/Sex/HIVStatus): Receiving ART 45-49, Male, Positive",10,11,11
Kenya,West Pokot County,Pokot Central Sub County,Wei Wei Ward,Sigor Sub District Hospital,Dd4o4GIlPhm,Sigor Sub District Hospital,Keipsl15564,Hyvw9VnZ2ch.zLbjm4E1NsG,"TX_CURR (N, DSD, Age/Sex/HIVStatus): Receiving ART 5-9, Female, Positive",3,3,3
Kenya,West Pokot County,Pokot Central Sub County,Wei Wei Ward,Sigor Sub District Hospital,Dd4o4GIlPhm,Sigor Sub District Hospital,Keipsl15564,Hyvw9VnZ2ch.p1HABZs9ydt,"TX_CURR (N, DSD, Age/Sex/HIVStatus): Receiving ART 5-9, Male, Positive",1,1,1
Kenya,West Pokot County,Pokot Central Sub County,Wei Wei Ward,Sigor Sub District Hospital,Dd4o4GIlPhm,Sigor Sub District Hospital,Keipsl15564,Hyvw9VnZ2ch.VdMgEQkOtuV,"TX_CURR (N, DSD, Age/Sex/HIVStatus): Receiving ART 50-54, Female, Positive",12,13,15
Kenya,West Pokot County,Pokot Central Sub County,Wei Wei Ward,Sigor Sub District Hospital,Dd4o4GIlPhm,Sigor Sub District Hospital,Keipsl15564,Hyvw9VnZ2ch.i1yTaswn4qW,"TX_CURR (N, DSD, Age/Sex/HIVStatus): Receiving ART 50-54, Male, Positive",17,17,19
Kenya,West Pokot County,Pokot Central Sub County,Wei Wei Ward,Sigor Sub District Hospital,Dd4o4GIlPhm,Sigor Sub District Hospital,Keipsl15564,Hyvw9VnZ2ch.yWgBf6UOK8d,"TX_CURR (N, DSD, Age/Sex/HIVStatus): Receiving ART 55-59, Female, Positive",8,9,8
Kenya,West Pokot County,Pokot Central Sub County,Wei Wei Ward,Sigor Sub District Hospital,Dd4o4GIlPhm,Sigor Sub District Hospital,Keipsl15564,Hyvw9VnZ2ch.N9EXA1gNh16,"TX_CURR (N, DSD, Age/Sex/HIVStatus): Receiving ART 55-59, Male, Positive",7,8,7
Kenya,West Pokot County,Pokot Central Sub County,Wei Wei Ward,Sigor Sub District Hospital,Dd4o4GIlPhm,Sigor Sub District Hospital,Keipsl15564,Hyvw9VnZ2ch.ay6Bp2UGIE5,"TX_CURR (N, DSD, Age/Sex/HIVStatus): Receiving ART 60-64, Female, Positive",4,5,5
Kenya,West Pokot County,Pokot Central Sub County,Wei Wei Ward,Sigor Sub District Hospital,Dd4o4GIlPhm,Sigor Sub District Hospital,Keipsl15564,Hyvw9VnZ2ch.lNnwcd2RT4K,"TX_CURR (N, DSD, Age/Sex/HIVStatus): Receiving ART 60-64, Male, Positive",2,2,6
Kenya,West Pokot County,Pokot Central Sub County,Wei Wei Ward,Sigor Sub District Hospital,Dd4o4GIlPhm,Sigor Sub District Hospital,Keipsl15564,Hyvw9VnZ2ch.YOMb0sp9VLV,"TX_CURR (N, DSD, Age/Sex/HIVStatus): Receiving ART 65+, Female, Positive",2,2,3
Kenya,West Pokot County,Pokot Central Sub County,Wei Wei Ward,Sigor Sub District Hospital,Dd4o4GIlPhm,Sigor Sub District Hospital,Keipsl15564,Hyvw9VnZ2ch.Yy619I6uuTP,"TX_CURR (N, DSD, Age/Sex/HIVStatus): Receiving ART 65+, Male, Positive",2,3,4
Kenya,West Pokot County,Pokot South Sub County,Tapach Ward,Sina Dispensary,ExVVOOVOUlZ,Sina Dispensary,Keipsl15580,Hyvw9VnZ2ch.tEMe0224zlP,"TX_CURR (N, DSD, Age/Sex/HIVStatus): Receiving ART 10-14, Male, Positive",,1,1
Kenya,West Pokot County,Pokot South Sub County,Tapach Ward,Sina Dispensary,ExVVOOVOUlZ,Sina Dispensary,Keipsl15580,Hyvw9VnZ2ch.QqlHrg6f0Sm,"TX_CURR (N, DSD, Age/Sex/HIVStatus): Receiving ART 15-19, Female, Positive",,,1
Kenya,West Pokot County,Pokot South Sub County,Tapach Ward,Sina Dispensary,ExVVOOVOUlZ,Sina Dispensary,Keipsl15580,Hyvw9VnZ2ch.LpnJL4zZxRH,"TX_CURR (N, DSD, Age/Sex/HIVStatus): Receiving ART 15-19, Male, Positive",2,1,1
Kenya,West Pokot County,Pokot South Sub County,Tapach Ward,Sina Dispensary,ExVVOOVOUlZ,Sina Dispensary,Keipsl15580,Hyvw9VnZ2ch.LyXZybq6Sjf,"TX_CURR (N, DSD, Age/Sex/HIVStatus): Receiving ART 20-24, Female, Positive",,,1
Kenya,West Pokot County,Pokot South Sub County,Tapach Ward,Sina Dispensary,ExVVOOVOUlZ,Sina Dispensary,Keipsl15580,Hyvw9VnZ2ch.zqARzn2wVj5,"TX_CURR (N, DSD, Age/Sex/HIVStatus): Receiving ART 25-29, Female, Positive",2,2,
Kenya,West Pokot County,Pokot South Sub County,Tapach Ward,Sina Dispensary,ExVVOOVOUlZ,Sina Dispensary,Keipsl15580,Hyvw9VnZ2ch.Vi8sd7mvZW4,"TX_CURR (N, DSD, Age/Sex/HIVStatus): Receiving ART 30-34, Female, Positive",,,1
Kenya,West Pokot County,Pokot South Sub County,Tapach Ward,Sina Dispensary,ExVVOOVOUlZ,Sina Dispensary,Keipsl15580,Hyvw9VnZ2ch.hRq4baaUamW,"TX_CURR (N, DSD, Age/Sex/HIVStatus): Receiving ART 35-39, Female, Positive",2,,1
Kenya,West Pokot County,Pokot South Sub County,Tapach Ward,Sina Dispensary,ExVVOOVOUlZ,Sina Dispensary,Keipsl15580,Hyvw9VnZ2ch.PEXIFVXGP9S,"TX_CURR (N, DSD, Age/Sex/HIVStatus): Receiving ART 40-44, Female, Positive",2,1,3
Kenya,West Pokot County,Pokot South Sub County,Tapach Ward,Sina Dispensary,ExVVOOVOUlZ,Sina Dispensary,Keipsl15580,Hyvw9VnZ2ch.zouTxRQ0kXP,"TX_CURR (N, DSD, Age/Sex/HIVStatus): Receiving ART 40-44, Male, Positive",,1,1
Kenya,West Pokot County,Pokot South Sub County,Tapach Ward,Sina Dispensary,ExVVOOVOUlZ,Sina Dispensary,Keipsl15580,Hyvw9VnZ2ch.J8fGj3Iefbc,"TX_CURR (N, DSD, Age/Sex/HIVStatus): Receiving ART 45-49, Female, Positive",,2,2
Kenya,West Pokot County,Pokot South Sub County,Tapach Ward,Sina Dispensary,ExVVOOVOUlZ,Sina Dispensary,Keipsl15580,Hyvw9VnZ2ch.zUjkTTlva36,"TX_CURR (N, DSD, Age/Sex/HIVStatus): Receiving ART 45-49, Male, Positive",4,4,3
Kenya,West Pokot County,Pokot South Sub County,Tapach Ward,Sina Dispensary,ExVVOOVOUlZ,Sina Dispensary,Keipsl15580,Hyvw9VnZ2ch.VdMgEQkOtuV,"TX_CURR (N, DSD, Age/Sex/HIVStatus): Receiving ART 50-54, Female, Positive",3,3,3
Kenya,West Pokot County,Pokot South Sub County,Tapach Ward,Sina Dispensary,ExVVOOVOUlZ,Sina Dispensary,Keipsl15580,Hyvw9VnZ2ch.i1yTaswn4qW,"TX_CURR (N, DSD, Age/Sex/HIVStatus): Receiving ART 50-54, Male, Positive",,,1
Kenya,West Pokot County,Pokot South Sub County,Tapach Ward,Sina Dispensary,ExVVOOVOUlZ,Sina Dispensary,Keipsl15580,Hyvw9VnZ2ch.yWgBf6UOK8d,"TX_CURR (N, DSD, Age/Sex/HIVStatus): Receiving ART 55-59, Female, Positive",,,1
Kenya,West Pokot County,Pokot South Sub County,Tapach Ward,Sina Dispensary,ExVVOOVOUlZ,Sina Dispensary,Keipsl15580,Hyvw9VnZ2ch.ay6Bp2UGIE5,"TX_CURR (N, DSD, Age/Sex/HIVStatus): Receiving ART 60-64, Female, Positive",,1,3
Kenya,West Pokot County,Pokot South Sub County,Tapach Ward,Sina Dispensary,ExVVOOVOUlZ,Sina Dispensary,Keipsl15580,Hyvw9VnZ2ch.YOMb0sp9VLV,"TX_CURR (N, DSD, Age/Sex/HIVStatus): Receiving ART 65+, Female, Positive",3,3,1
Kenya,West Pokot County,Pokot South Sub County,Tapach Ward,Sina Dispensary,ExVVOOVOUlZ,Sina Dispensary,Keipsl15580,Hyvw9VnZ2ch.Yy619I6uuTP,"TX_CURR (N, DSD, Age/Sex/HIVStatus): Receiving ART 65+, Male, Positive",1,1,
Kenya,West Pokot County,Pokot North Sub County,Suam Ward,Tinei Dispensary,FdeUMDxeajL,Tinei Dispensary,Keipsl16368,Hyvw9VnZ2ch.zqARzn2wVj5,"TX_CURR (N, DSD, Age/Sex/HIVStatus): Receiving ART 25-29, Female, Positive",,1,1
Kenya,West Pokot County,Pokot North Sub County,Suam Ward,Tinei Dispensary,FdeUMDxeajL,Tinei Dispensary,Keipsl16368,Hyvw9VnZ2ch.Vi8sd7mvZW4,"TX_CURR (N, DSD, Age/Sex/HIVStatus): Receiving ART 30-34, Female, Positive",2,1,2
Kenya,West Pokot County,Pokot North Sub County,Suam Ward,Tinei Dispensary,FdeUMDxeajL,Tinei Dispensary,Keipsl16368,Hyvw9VnZ2ch.YDzeLL6xf5o,"TX_CURR (N, DSD, Age/Sex/HIVStatus): Receiving ART 30-34, Male, Positive",1,1,
Kenya,West Pokot County,Pokot North Sub County,Suam Ward,Tinei Dispensary,FdeUMDxeajL,Tinei Dispensary,Keipsl16368,Hyvw9VnZ2ch.hRq4baaUamW,"TX_CURR (N, DSD, Age/Sex/HIVStatus): Receiving ART 35-39, Female, Positive",1,1,1
Kenya,West Pokot County,Pokot North Sub County,Suam Ward,Tinei Dispensary,FdeUMDxeajL,Tinei Dispensary,Keipsl16368,Hyvw9VnZ2ch.PEXIFVXGP9S,"TX_CURR (N, DSD, Age/Sex/HIVStatus): Receiving ART 40-44, Female, Positive",,,1
Kenya,West Pokot County,Pokot North Sub County,Suam Ward,Tinei Dispensary,FdeUMDxeajL,Tinei Dispensary,Keipsl16368,Hyvw9VnZ2ch.zouTxRQ0kXP,"TX_CURR (N, DSD, Age/Sex/HIVStatus): Receiving ART 40-44, Male, Positive",,,1
Kenya,West Pokot County,Pokot North Sub County,Suam Ward,Tinei Dispensary,FdeUMDxeajL,Tinei Dispensary,Keipsl16368,Hyvw9VnZ2ch.J8fGj3Iefbc,"TX_CURR (N, DSD, Age/Sex/HIVStatus): Receiving ART 45-49, Female, Positive",1,1,
Kenya,West Pokot County,Pokot North Sub County,Suam Ward,Tinei Dispensary,FdeUMDxeajL,Tinei Dispensary,Keipsl16368,Hyvw9VnZ2ch.zLbjm4E1NsG,"TX_CURR (N, DSD, Age/Sex/HIVStatus): Receiving ART 5-9, Female, Positive",1,1,1
Kenya,West Pokot County,Pokot North Sub County,Suam Ward,Tinei Dispensary,FdeUMDxeajL,Tinei Dispensary,Keipsl16368,Hyvw9VnZ2ch.p1HABZs9ydt,"TX_CURR (N, DSD, Age/Sex/HIVStatus): Receiving ART 5-9, Male, Positive",1,1,1
Kenya,West Pokot County,Pokot North Sub County,Suam Ward,Tinei Dispensary,FdeUMDxeajL,Tinei Dispensary,Keipsl16368,Hyvw9VnZ2ch.VdMgEQkOtuV,"TX_CURR (N, DSD, Age/Sex/HIVStatus): Receiving ART 50-54, Female, Positive",1,,1
Kenya,West Pokot County,Pokot North Sub County,Suam Ward,Tinei Dispensary,FdeUMDxeajL,Tinei Dispensary,Keipsl16368,Hyvw9VnZ2ch.yWgBf6UOK8d,"TX_CURR (N, DSD, Age/Sex/HIVStatus): Receiving ART 55-59, Female, Positive",,1,
Kenya,West Pokot County,West Pokot Sub County,Endugh Ward,Turkwel Health Centre,corbg0RKoql,Turkwel Health Centre,Keipsl15755,Hyvw9VnZ2ch.LyXZybq6Sjf,"TX_CURR (N, DSD, Age/Sex/HIVStatus): Receiving ART 20-24, Female, Positive",,1,1
Kenya,West Pokot County,West Pokot Sub County,Endugh Ward,Turkwel Health Centre,corbg0RKoql,Turkwel Health Centre,Keipsl15755,Hyvw9VnZ2ch.zqARzn2wVj5,"TX_CURR (N, DSD, Age/Sex/HIVStatus): Receiving ART 25-29, Female, Positive",1,2,2
Kenya,West Pokot County,West Pokot Sub County,Endugh Ward,Turkwel Health Centre,corbg0RKoql,Turkwel Health Centre,Keipsl15755,Hyvw9VnZ2ch.Vi8sd7mvZW4,"TX_CURR (N, DSD, Age/Sex/HIVStatus): Receiving ART 30-34, Female, Positive",4,2,2
Kenya,West Pokot County,West Pokot Sub County,Endugh Ward,Turkwel Health Centre,corbg0RKoql,Turkwel Health Centre,Keipsl15755,Hyvw9VnZ2ch.YDzeLL6xf5o,"TX_CURR (N, DSD, Age/Sex/HIVStatus): Receiving ART 30-34, Male, Positive",1,1,1
Kenya,West Pokot County,West Pokot Sub County,Endugh Ward,Turkwel Health Centre,corbg0RKoql,Turkwel Health Centre,Keipsl15755,Hyvw9VnZ2ch.hRq4baaUamW,"TX_CURR (N, DSD, Age/Sex/HIVStatus): Receiving ART 35-39, Female, Positive",2,2,2
Kenya,West Pokot County,West Pokot Sub County,Endugh Ward,Turkwel Health Centre,corbg0RKoql,Turkwel Health Centre,Keipsl15755,Hyvw9VnZ2ch.XcW5HWccYYZ,"TX_CURR (N, DSD, Age/Sex/HIVStatus): Receiving ART 35-39, Male, Positive",3,3,3
Kenya,West Pokot County,West Pokot Sub County,Endugh Ward,Turkwel Health Centre,corbg0RKoql,Turkwel Health Centre,Keipsl15755,Hyvw9VnZ2ch.PEXIFVXGP9S,"TX_CURR (N, DSD, Age/Sex/HIVStatus): Receiving ART 40-44, Female, Positive",1,1,1
Kenya,West Pokot County,West Pokot Sub County,Endugh Ward,Turkwel Health Centre,corbg0RKoql,Turkwel Health Centre,Keipsl15755,Hyvw9VnZ2ch.zouTxRQ0kXP,"TX_CURR (N, DSD, Age/Sex/HIVStatus): Receiving ART 40-44, Male, Positive",,2,2
Kenya,West Pokot County,West Pokot Sub County,Endugh Ward,Turkwel Health Centre,corbg0RKoql,Turkwel Health Centre,Keipsl15755,Hyvw9VnZ2ch.J8fGj3Iefbc,"TX_CURR (N, DSD, Age/Sex/HIVStatus): Receiving ART 45-49, Female, Positive",1,1,1
Kenya,West Pokot County,West Pokot Sub County,Endugh Ward,Turkwel Health Centre,corbg0RKoql,Turkwel Health Centre,Keipsl15755,Hyvw9VnZ2ch.zUjkTTlva36,"TX_CURR (N, DSD, Age/Sex/HIVStatus): Receiving ART 45-49, Male, Positive",1,,
Kenya,West Pokot County,West Pokot Sub County,Endugh Ward,Turkwel Health Centre,corbg0RKoql,Turkwel Health Centre,Keipsl15755,Hyvw9VnZ2ch.N9EXA1gNh16,"TX_CURR (N, DSD, Age/Sex/HIVStatus): Receiving ART 55-59, Male, Positive",,1,1
