orgunitlevel1,orgunitlevel2,orgunitlevel3,orgunitlevel4,orgunitlevel5,organisationunitid,organisationunitname,organisationunitcode,organisationunitdescription,id,name,code,description,id,name,code,description,id,name,code,description,Oct to Dec 2022,Jan to Mar 2023,Apr to Jun 2023
Kenya,Nyeri County,Kieni West Sub County,Mugunda Ward,Bellevue Health Centre,tN11hhvhfMA,Bellevue Health Centre,Keipsl10055,,bePcXLCq9Ov,50+ (Specific),,,hDBPKTjUPDm,Males,,,awSDzziN3Dn,HIV Positive (Specific),,,1,,
Kenya,Nyeri County,Nyeri Central Sub County,Kiganjo/Mathari Ward,Consolata Mission Hospital (Mathari),jEjdKQNTXZd,Consolata Mission Hospital (Mathari),Keipsl10100,,tIZRQs0FK5P,10-14 (Specific),,,ZOYVg7Hosni,Females,,,awSDzziN3Dn,HIV Positive (Specific),,,,1,
Kenya,Nyeri County,Nyeri Central Sub County,Kiganjo/Mathari Ward,Consolata Mission Hospital (Mathari),jEjdKQNTXZd,Consolata Mission Hospital (Mathari),Keipsl10100,,K9Cw4402aAh,25-29 (Specific),,,ZOYVg7Hosni,Females,,,awSDzziN3Dn,HIV Positive (Specific),,,,,1
Kenya,Nyeri County,Nyeri Central Sub County,Kiganjo/Mathari Ward,Consolata Mission Hospital (Mathari),jEjdKQNTXZd,Consolata Mission Hospital (Mathari),Keipsl10100,,JqZFtdn1sG3,30-34 (Specific),,,hDBPKTjUPDm,Males,,,awSDzziN3Dn,HIV Positive (Specific),,,,1,
Kenya,Nyeri County,Nyeri Central Sub County,Kiganjo/Mathari Ward,Consolata Mission Hospital (Mathari),jEjdKQNTXZd,Consolata Mission Hospital (Mathari),Keipsl10100,,ftAnvKhxRxl,35-39 (Specific),,,hDBPKTjUPDm,Males,,,awSDzziN3Dn,HIV Positive (Specific),,,1,,
Kenya,Nyeri County,Nyeri Central Sub County,Kiganjo/Mathari Ward,Consolata Mission Hospital (Mathari),jEjdKQNTXZd,Consolata Mission Hospital (Mathari),Keipsl10100,,kyKHoWxTzHR,40-44 (Specific),,,ZOYVg7Hosni,Females,,,awSDzziN3Dn,HIV Positive (Specific),,,1,,
Kenya,Nyeri County,Nyeri Central Sub County,Kiganjo/Mathari Ward,Consolata Mission Hospital (Mathari),jEjdKQNTXZd,Consolata Mission Hospital (Mathari),Keipsl10100,,kyKHoWxTzHR,40-44 (Specific),,,hDBPKTjUPDm,Males,,,awSDzziN3Dn,HIV Positive (Specific),,,1,1,1
Kenya,Nyeri County,Nyeri Central Sub County,Kiganjo/Mathari Ward,Consolata Mission Hospital (Mathari),jEjdKQNTXZd,Consolata Mission Hospital (Mathari),Keipsl10100,,MsbFixtB8mu,45-49 (Specific),,,hDBPKTjUPDm,Males,,,awSDzziN3Dn,HIV Positive (Specific),,,1,,
Kenya,Nyeri County,Nyeri Central Sub County,Kiganjo/Mathari Ward,Consolata Mission Hospital (Mathari),jEjdKQNTXZd,Consolata Mission Hospital (Mathari),Keipsl10100,,bePcXLCq9Ov,50+ (Specific),,,hDBPKTjUPDm,Males,,,awSDzziN3Dn,HIV Positive (Specific),,,2,,1
Kenya,Nyeri County,Kieni West Sub County,Mwiyogo/Endarasha Ward,Endarasha Rural Health Centre,Ilwot39G2oW,Endarasha Rural Health Centre,Keipsl10170,,BDPEHrovntA,20-24 (Specific),,,ZOYVg7Hosni,Females,,,awSDzziN3Dn,HIV Positive (Specific),,,1,1,
Kenya,Nyeri County,Kieni West Sub County,Mwiyogo/Endarasha Ward,Endarasha Rural Health Centre,Ilwot39G2oW,Endarasha Rural Health Centre,Keipsl10170,,BDPEHrovntA,20-24 (Specific),,,hDBPKTjUPDm,Males,,,awSDzziN3Dn,HIV Positive (Specific),,,1,,
Kenya,Nyeri County,Kieni West Sub County,Mwiyogo/Endarasha Ward,Endarasha Rural Health Centre,Ilwot39G2oW,Endarasha Rural Health Centre,Keipsl10170,,JqZFtdn1sG3,30-34 (Specific),,,ZOYVg7Hosni,Females,,,awSDzziN3Dn,HIV Positive (Specific),,,,1,
Kenya,Nyeri County,Kieni West Sub County,Mwiyogo/Endarasha Ward,Endarasha Rural Health Centre,Ilwot39G2oW,Endarasha Rural Health Centre,Keipsl10170,,ftAnvKhxRxl,35-39 (Specific),,,ZOYVg7Hosni,Females,,,awSDzziN3Dn,HIV Positive (Specific),,,,1,
Kenya,Nyeri County,Kieni West Sub County,Mwiyogo/Endarasha Ward,Endarasha Rural Health Centre,Ilwot39G2oW,Endarasha Rural Health Centre,Keipsl10170,,kyKHoWxTzHR,40-44 (Specific),,,hDBPKTjUPDm,Males,,,awSDzziN3Dn,HIV Positive (Specific),,,,1,
Kenya,Nyeri County,Kieni East Sub County,Gakawa Ward,Gakawa Dispensary,xPmai6KMGE1,Gakawa Dispensary,Keipsl10200,,kyKHoWxTzHR,40-44 (Specific),,,ZOYVg7Hosni,Females,,,awSDzziN3Dn,HIV Positive (Specific),,,,1,
Kenya,Nyeri County,Kieni East Sub County,Gakawa Ward,Gakawa Dispensary,xPmai6KMGE1,Gakawa Dispensary,Keipsl10200,,bePcXLCq9Ov,50+ (Specific),,,hDBPKTjUPDm,Males,,,awSDzziN3Dn,HIV Positive (Specific),,,,2,
Kenya,Nyeri County,Mathira East Sub County,Magutu Ward,Gatei Dispensary,qkcl7vp9NlZ,Gatei Dispensary,Keipsl10210,,RV1ZeOr98rI,5-9 (Specific),,,hDBPKTjUPDm,Males,,,awSDzziN3Dn,HIV Positive (Specific),,,,1,
Kenya,Nyeri County,Mathira East Sub County,Magutu Ward,Gatei Dispensary,qkcl7vp9NlZ,Gatei Dispensary,Keipsl10210,,JqZFtdn1sG3,30-34 (Specific),,,ZOYVg7Hosni,Females,,,awSDzziN3Dn,HIV Positive (Specific),,,1,,
Kenya,Nyeri County,Mathira East Sub County,Magutu Ward,Gatei Dispensary,qkcl7vp9NlZ,Gatei Dispensary,Keipsl10210,,JqZFtdn1sG3,30-34 (Specific),,,hDBPKTjUPDm,Males,,,awSDzziN3Dn,HIV Positive (Specific),,,1,,
Kenya,Nyeri County,Mathira East Sub County,Magutu Ward,Gatei Dispensary,qkcl7vp9NlZ,Gatei Dispensary,Keipsl10210,,ftAnvKhxRxl,35-39 (Specific),,,hDBPKTjUPDm,Males,,,awSDzziN3Dn,HIV Positive (Specific),,,,1,
Kenya,Nyeri County,Mathira East Sub County,Magutu Ward,Gatei Dispensary,qkcl7vp9NlZ,Gatei Dispensary,Keipsl10210,,bePcXLCq9Ov,50+ (Specific),,,hDBPKTjUPDm,Males,,,awSDzziN3Dn,HIV Positive (Specific),,,,1,
Kenya,Nyeri County,Nyeri South Sub County,Chinga Ward,Gichiche Health Centre,kuXGlhxNulo,Gichiche Health Centre,Keipsl10249,,K9Cw4402aAh,25-29 (Specific),,,ZOYVg7Hosni,Females,,,awSDzziN3Dn,HIV Positive (Specific),,,1,,
Kenya,Nyeri County,Nyeri South Sub County,Chinga Ward,Gichiche Health Centre,kuXGlhxNulo,Gichiche Health Centre,Keipsl10249,,JqZFtdn1sG3,30-34 (Specific),,,ZOYVg7Hosni,Females,,,awSDzziN3Dn,HIV Positive (Specific),,,1,,
Kenya,Nyeri County,Nyeri South Sub County,Chinga Ward,Gichiche Health Centre,kuXGlhxNulo,Gichiche Health Centre,Keipsl10249,,ftAnvKhxRxl,35-39 (Specific),,,hDBPKTjUPDm,Males,,,awSDzziN3Dn,HIV Positive (Specific),,,1,1,
Kenya,Nyeri County,Nyeri South Sub County,Chinga Ward,Gichiche Health Centre,kuXGlhxNulo,Gichiche Health Centre,Keipsl10249,,kyKHoWxTzHR,40-44 (Specific),,,ZOYVg7Hosni,Females,,,awSDzziN3Dn,HIV Positive (Specific),,,1,,
Kenya,Nyeri County,Nyeri South Sub County,Chinga Ward,Gichiche Health Centre,kuXGlhxNulo,Gichiche Health Centre,Keipsl10249,,MsbFixtB8mu,45-49 (Specific),,,hDBPKTjUPDm,Males,,,awSDzziN3Dn,HIV Positive (Specific),,,,1,
Kenya,Nyeri County,Nyeri South Sub County,Chinga Ward,Gichiche Health Centre,kuXGlhxNulo,Gichiche Health Centre,Keipsl10249,,bePcXLCq9Ov,50+ (Specific),,,ZOYVg7Hosni,Females,,,awSDzziN3Dn,HIV Positive (Specific),,,1,1,
Kenya,Nyeri County,Tetu Sub County,Aguthi-gaaki Ward,Gichira Health Centre,igl2uhswO3Y,Gichira Health Centre,Keipsl10251,,BDPEHrovntA,20-24 (Specific),,,ZOYVg7Hosni,Females,,,awSDzziN3Dn,HIV Positive (Specific),,,1,,
Kenya,Nyeri County,Tetu Sub County,Aguthi-gaaki Ward,Gichira Health Centre,igl2uhswO3Y,Gichira Health Centre,Keipsl10251,,MsbFixtB8mu,45-49 (Specific),,,hDBPKTjUPDm,Males,,,awSDzziN3Dn,HIV Positive (Specific),,,1,,
Kenya,Nyeri County,Tetu Sub County,Aguthi-gaaki Ward,Gichira Health Centre,igl2uhswO3Y,Gichira Health Centre,Keipsl10251,,bePcXLCq9Ov,50+ (Specific),,,hDBPKTjUPDm,Males,,,awSDzziN3Dn,HIV Positive (Specific),,,1,,
Kenya,Nyeri County,Nyeri Central Sub County,Rware Ward,GK Prison Dispensary (Kingongo),TO1eMyR62eP,GK Prison Dispensary (Kingongo),Keipsl10286,,BDPEHrovntA,20-24 (Specific),,,hDBPKTjUPDm,Males,,,awSDzziN3Dn,HIV Positive (Specific),,,,1,
Kenya,Nyeri County,Nyeri Central Sub County,Rware Ward,GK Prison Dispensary (Kingongo),TO1eMyR62eP,GK Prison Dispensary (Kingongo),Keipsl10286,,K9Cw4402aAh,25-29 (Specific),,,hDBPKTjUPDm,Males,,,awSDzziN3Dn,HIV Positive (Specific),,,,1,
Kenya,Nyeri County,Nyeri Central Sub County,Rware Ward,GK Prison Dispensary (Kingongo),TO1eMyR62eP,GK Prison Dispensary (Kingongo),Keipsl10286,,kyKHoWxTzHR,40-44 (Specific),,,hDBPKTjUPDm,Males,,,awSDzziN3Dn,HIV Positive (Specific),,,1,,
Kenya,Nyeri County,Nyeri Central Sub County,Rware Ward,GK Prison Dispensary (Kingongo),TO1eMyR62eP,GK Prison Dispensary (Kingongo),Keipsl10286,,MsbFixtB8mu,45-49 (Specific),,,hDBPKTjUPDm,Males,,,awSDzziN3Dn,HIV Positive (Specific),,,1,,
Kenya,Nyeri County,Nyeri Central Sub County,Rware Ward,GK Prison Dispensary (Kingongo),TO1eMyR62eP,GK Prison Dispensary (Kingongo),Keipsl10286,,bePcXLCq9Ov,50+ (Specific),,,hDBPKTjUPDm,Males,,,awSDzziN3Dn,HIV Positive (Specific),,,,1,
Kenya,Nyeri County,Tetu Sub County,Dedan Kimathi Ward,Ihururu Health Centre,w0Rkci6SsZP,Ihururu Health Centre,Keipsl10340,,K9Cw4402aAh,25-29 (Specific),,,ZOYVg7Hosni,Females,,,awSDzziN3Dn,HIV Positive (Specific),,,,1,
Kenya,Nyeri County,Tetu Sub County,Dedan Kimathi Ward,Ihururu Health Centre,w0Rkci6SsZP,Ihururu Health Centre,Keipsl10340,,kyKHoWxTzHR,40-44 (Specific),,,ZOYVg7Hosni,Females,,,awSDzziN3Dn,HIV Positive (Specific),,,,1,
Kenya,Nyeri County,Tetu Sub County,Dedan Kimathi Ward,Ihururu Health Centre,w0Rkci6SsZP,Ihururu Health Centre,Keipsl10340,,MsbFixtB8mu,45-49 (Specific),,,ZOYVg7Hosni,Females,,,awSDzziN3Dn,HIV Positive (Specific),,,,1,
Kenya,Nyeri County,Kieni East Sub County,Kabaru Ward,Island Farms Dispensary,rSRGO1CcrFh,Island Farms Dispensary,Keipsl10355,,BDPEHrovntA,20-24 (Specific),,,hDBPKTjUPDm,Males,,,awSDzziN3Dn,HIV Positive (Specific),,,,1,
Kenya,Nyeri County,Kieni East Sub County,Kabaru Ward,Island Farms Dispensary,rSRGO1CcrFh,Island Farms Dispensary,Keipsl10355,,K9Cw4402aAh,25-29 (Specific),,,ZOYVg7Hosni,Females,,,awSDzziN3Dn,HIV Positive (Specific),,,,1,
Kenya,Nyeri County,Mathira West Sub County,Ruguru Ward,Itiati Dispensary,epu5FTT3ATn,Itiati Dispensary,Keipsl10360,,ftAnvKhxRxl,35-39 (Specific),,,hDBPKTjUPDm,Males,,,awSDzziN3Dn,HIV Positive (Specific),,,1,,
Kenya,Nyeri County,Mathira West Sub County,Ruguru Ward,Itiati Dispensary,epu5FTT3ATn,Itiati Dispensary,Keipsl10360,,kyKHoWxTzHR,40-44 (Specific),,,hDBPKTjUPDm,Males,,,awSDzziN3Dn,HIV Positive (Specific),,,1,1,
Kenya,Nyeri County,Mathira West Sub County,Ruguru Ward,Itiati Dispensary,epu5FTT3ATn,Itiati Dispensary,Keipsl10360,,bePcXLCq9Ov,50+ (Specific),,,ZOYVg7Hosni,Females,,,awSDzziN3Dn,HIV Positive (Specific),,,2,,
Kenya,Nyeri County,Mathira East Sub County,Karatina Town Ward,Jamii Hospital,XDbVRCbUerv,Jamii Hospital,Keipsl10368,,kyKHoWxTzHR,40-44 (Specific),,,ZOYVg7Hosni,Females,,,awSDzziN3Dn,HIV Positive (Specific),,,,1,
Kenya,Nyeri County,Mathira East Sub County,Karatina Town Ward,Jamii Hospital,XDbVRCbUerv,Jamii Hospital,Keipsl10368,,bePcXLCq9Ov,50+ (Specific),,,ZOYVg7Hosni,Females,,,awSDzziN3Dn,HIV Positive (Specific),,,2,1,
Kenya,Nyeri County,Mathira East Sub County,Karatina Town Ward,Jamii Hospital,XDbVRCbUerv,Jamii Hospital,Keipsl10368,,bePcXLCq9Ov,50+ (Specific),,,hDBPKTjUPDm,Males,,,awSDzziN3Dn,HIV Positive (Specific),,,2,1,
Kenya,Nyeri County,Mathira West Sub County,Kirimukuyu Ward,Kaiyaba Dispensary,CulVPq3N4JO,Kaiyaba Dispensary,Keipsl10435,,ftAnvKhxRxl,35-39 (Specific),,,hDBPKTjUPDm,Males,,,awSDzziN3Dn,HIV Positive (Specific),,,,1,
Kenya,Nyeri County,Mathira West Sub County,Kirimukuyu Ward,Kaiyaba Dispensary,CulVPq3N4JO,Kaiyaba Dispensary,Keipsl10435,,bePcXLCq9Ov,50+ (Specific),,,hDBPKTjUPDm,Males,,,awSDzziN3Dn,HIV Positive (Specific),,,2,,
Kenya,Nyeri County,Nyeri South Sub County,Mahiga Ward,Kamoko Health Centre,OPRwXx2qkCY,Kamoko Health Centre,Keipsl10450,,QOawCj9oLNS,15-19 (Specific),,,hDBPKTjUPDm,Males,,,awSDzziN3Dn,HIV Positive (Specific),,,,1,
Kenya,Nyeri County,Nyeri South Sub County,Mahiga Ward,Kamoko Health Centre,OPRwXx2qkCY,Kamoko Health Centre,Keipsl10450,,K9Cw4402aAh,25-29 (Specific),,,ZOYVg7Hosni,Females,,,awSDzziN3Dn,HIV Positive (Specific),,,1,,
Kenya,Nyeri County,Nyeri South Sub County,Mahiga Ward,Kamoko Health Centre,OPRwXx2qkCY,Kamoko Health Centre,Keipsl10450,,kyKHoWxTzHR,40-44 (Specific),,,ZOYVg7Hosni,Females,,,awSDzziN3Dn,HIV Positive (Specific),,,,1,
Kenya,Nyeri County,Mukurweini Sub County,Gikondi Ward,Karaba Health Centre (Nyeri South),xI4rEZVmhle,Karaba Health Centre (Nyeri South),Keipsl10476,,ftAnvKhxRxl,35-39 (Specific),,,hDBPKTjUPDm,Males,,,awSDzziN3Dn,HIV Positive (Specific),,,1,,
Kenya,Nyeri County,Mukurweini Sub County,Gikondi Ward,Karaba Health Centre (Nyeri South),xI4rEZVmhle,Karaba Health Centre (Nyeri South),Keipsl10476,,kyKHoWxTzHR,40-44 (Specific),,,hDBPKTjUPDm,Males,,,awSDzziN3Dn,HIV Positive (Specific),,,,1,
Kenya,Nyeri County,Mathira East Sub County,Karatina Town Ward,Karatina District Hospital,bAefCeKtkwu,Karatina District Hospital,Keipsl10485,,BURHq262iEL,1-4 (Inclusive),,,ZOYVg7Hosni,Females,,,awSDzziN3Dn,HIV Positive (Specific),,,1,,
Kenya,Nyeri County,Mathira East Sub County,Karatina Town Ward,Karatina District Hospital,bAefCeKtkwu,Karatina District Hospital,Keipsl10485,,BDPEHrovntA,20-24 (Specific),,,ZOYVg7Hosni,Females,,,awSDzziN3Dn,HIV Positive (Specific),,,,1,
Kenya,Nyeri County,Mathira East Sub County,Karatina Town Ward,Karatina District Hospital,bAefCeKtkwu,Karatina District Hospital,Keipsl10485,,K9Cw4402aAh,25-29 (Specific),,,ZOYVg7Hosni,Females,,,awSDzziN3Dn,HIV Positive (Specific),,,1,1,
Kenya,Nyeri County,Mathira East Sub County,Karatina Town Ward,Karatina District Hospital,bAefCeKtkwu,Karatina District Hospital,Keipsl10485,,K9Cw4402aAh,25-29 (Specific),,,hDBPKTjUPDm,Males,,,awSDzziN3Dn,HIV Positive (Specific),,,,1,
Kenya,Nyeri County,Mathira East Sub County,Karatina Town Ward,Karatina District Hospital,bAefCeKtkwu,Karatina District Hospital,Keipsl10485,,JqZFtdn1sG3,30-34 (Specific),,,ZOYVg7Hosni,Females,,,awSDzziN3Dn,HIV Positive (Specific),,,1,1,
Kenya,Nyeri County,Mathira East Sub County,Karatina Town Ward,Karatina District Hospital,bAefCeKtkwu,Karatina District Hospital,Keipsl10485,,ftAnvKhxRxl,35-39 (Specific),,,ZOYVg7Hosni,Females,,,awSDzziN3Dn,HIV Positive (Specific),,,2,1,
Kenya,Nyeri County,Mathira East Sub County,Karatina Town Ward,Karatina District Hospital,bAefCeKtkwu,Karatina District Hospital,Keipsl10485,,ftAnvKhxRxl,35-39 (Specific),,,hDBPKTjUPDm,Males,,,awSDzziN3Dn,HIV Positive (Specific),,,1,,
Kenya,Nyeri County,Mathira East Sub County,Karatina Town Ward,Karatina District Hospital,bAefCeKtkwu,Karatina District Hospital,Keipsl10485,,kyKHoWxTzHR,40-44 (Specific),,,ZOYVg7Hosni,Females,,,awSDzziN3Dn,HIV Positive (Specific),,,2,2,
Kenya,Nyeri County,Mathira East Sub County,Karatina Town Ward,Karatina District Hospital,bAefCeKtkwu,Karatina District Hospital,Keipsl10485,,kyKHoWxTzHR,40-44 (Specific),,,hDBPKTjUPDm,Males,,,awSDzziN3Dn,HIV Positive (Specific),,,,1,
Kenya,Nyeri County,Mathira East Sub County,Karatina Town Ward,Karatina District Hospital,bAefCeKtkwu,Karatina District Hospital,Keipsl10485,,MsbFixtB8mu,45-49 (Specific),,,hDBPKTjUPDm,Males,,,awSDzziN3Dn,HIV Positive (Specific),,,1,1,
Kenya,Nyeri County,Mathira East Sub County,Karatina Town Ward,Karatina District Hospital,bAefCeKtkwu,Karatina District Hospital,Keipsl10485,,bePcXLCq9Ov,50+ (Specific),,,ZOYVg7Hosni,Females,,,awSDzziN3Dn,HIV Positive (Specific),,,,1,
Kenya,Nyeri County,Mathira East Sub County,Karatina Town Ward,Karatina District Hospital,bAefCeKtkwu,Karatina District Hospital,Keipsl10485,,bePcXLCq9Ov,50+ (Specific),,,hDBPKTjUPDm,Males,,,awSDzziN3Dn,HIV Positive (Specific),,,1,,
Kenya,Nyeri County,Kieni West Sub County,Mugunda Ward,Karemeno Dispensary,AiQeZTSDjwk,Karemeno Dispensary,Keipsl10490,,JqZFtdn1sG3,30-34 (Specific),,,ZOYVg7Hosni,Females,,,awSDzziN3Dn,HIV Positive (Specific),,,,1,
Kenya,Nyeri County,Kieni West Sub County,Mugunda Ward,Karemeno Dispensary,AiQeZTSDjwk,Karemeno Dispensary,Keipsl10490,,bePcXLCq9Ov,50+ (Specific),,,hDBPKTjUPDm,Males,,,awSDzziN3Dn,HIV Positive (Specific),,,1,,
Kenya,Nyeri County,Mathira East Sub County,Konyu Ward,Kiamabara Dispensary,xvuyZNUP6uw,Kiamabara Dispensary,Keipsl10530,,JqZFtdn1sG3,30-34 (Specific),,,hDBPKTjUPDm,Males,,,awSDzziN3Dn,HIV Positive (Specific),,,,1,
Kenya,Nyeri County,Nyeri Central Sub County,Kiganjo/Mathari Ward,Kiganjo Health Centre,hqBYN7PmOmW,Kiganjo Health Centre,Keipsl10582,,BDPEHrovntA,20-24 (Specific),,,ZOYVg7Hosni,Females,,,awSDzziN3Dn,HIV Positive (Specific),,,2,,
Kenya,Nyeri County,Nyeri Central Sub County,Kiganjo/Mathari Ward,Kiganjo Health Centre,hqBYN7PmOmW,Kiganjo Health Centre,Keipsl10582,,BDPEHrovntA,20-24 (Specific),,,hDBPKTjUPDm,Males,,,awSDzziN3Dn,HIV Positive (Specific),,,1,,
Kenya,Nyeri County,Nyeri Central Sub County,Kiganjo/Mathari Ward,Kiganjo Health Centre,hqBYN7PmOmW,Kiganjo Health Centre,Keipsl10582,,K9Cw4402aAh,25-29 (Specific),,,hDBPKTjUPDm,Males,,,awSDzziN3Dn,HIV Positive (Specific),,,,1,
Kenya,Nyeri County,Nyeri Central Sub County,Kiganjo/Mathari Ward,Kiganjo Health Centre,hqBYN7PmOmW,Kiganjo Health Centre,Keipsl10582,,JqZFtdn1sG3,30-34 (Specific),,,ZOYVg7Hosni,Females,,,awSDzziN3Dn,HIV Positive (Specific),,,,1,
Kenya,Nyeri County,Nyeri Central Sub County,Kiganjo/Mathari Ward,Kiganjo Health Centre,hqBYN7PmOmW,Kiganjo Health Centre,Keipsl10582,,kyKHoWxTzHR,40-44 (Specific),,,ZOYVg7Hosni,Females,,,awSDzziN3Dn,HIV Positive (Specific),,,,1,
Kenya,Nyeri County,Nyeri Central Sub County,Kiganjo/Mathari Ward,Kiganjo Health Centre,hqBYN7PmOmW,Kiganjo Health Centre,Keipsl10582,,MsbFixtB8mu,45-49 (Specific),,,ZOYVg7Hosni,Females,,,awSDzziN3Dn,HIV Positive (Specific),,,,1,
Kenya,Nyeri County,Nyeri Central Sub County,Kiganjo/Mathari Ward,Kiganjo Health Centre,hqBYN7PmOmW,Kiganjo Health Centre,Keipsl10582,,MsbFixtB8mu,45-49 (Specific),,,hDBPKTjUPDm,Males,,,awSDzziN3Dn,HIV Positive (Specific),,,1,,
Kenya,Nyeri County,Nyeri Central Sub County,Kamakwa/Mukaro Ward,Kinunga Health Centre,s3BwsrPMNh3,Kinunga Health Centre,Keipsl10615,,kyKHoWxTzHR,40-44 (Specific),,,ZOYVg7Hosni,Females,,,awSDzziN3Dn,HIV Positive (Specific),,,,1,
Kenya,Nyeri County,Nyeri Central Sub County,Kamakwa/Mukaro Ward,Kinunga Health Centre,s3BwsrPMNh3,Kinunga Health Centre,Keipsl10615,,bePcXLCq9Ov,50+ (Specific),,,ZOYVg7Hosni,Females,,,awSDzziN3Dn,HIV Positive (Specific),,,,1,
Kenya,Nyeri County,Nyeri Central Sub County,Kamakwa/Mukaro Ward,Kinunga Health Centre,s3BwsrPMNh3,Kinunga Health Centre,Keipsl10615,,bePcXLCq9Ov,50+ (Specific),,,hDBPKTjUPDm,Males,,,awSDzziN3Dn,HIV Positive (Specific),,,,1,
Kenya,Nyeri County,Kieni West Sub County,Mweiga Ward,Mary Immaculate Hospital (Nyeri North),SBD6Iy0Irz6,Mary Immaculate Hospital (Nyeri North),Keipsl10700,,JqZFtdn1sG3,30-34 (Specific),,,ZOYVg7Hosni,Females,,,awSDzziN3Dn,HIV Positive (Specific),,,,1,
Kenya,Nyeri County,Kieni West Sub County,Mweiga Ward,Mary Immaculate Hospital (Nyeri North),SBD6Iy0Irz6,Mary Immaculate Hospital (Nyeri North),Keipsl10700,,kyKHoWxTzHR,40-44 (Specific),,,ZOYVg7Hosni,Females,,,awSDzziN3Dn,HIV Positive (Specific),,,,1,
Kenya,Nyeri County,Kieni West Sub County,Mweiga Ward,Mary Immaculate Hospital (Nyeri North),SBD6Iy0Irz6,Mary Immaculate Hospital (Nyeri North),Keipsl10700,,kyKHoWxTzHR,40-44 (Specific),,,hDBPKTjUPDm,Males,,,awSDzziN3Dn,HIV Positive (Specific),,,1,,
Kenya,Nyeri County,Kieni West Sub County,Mweiga Ward,Mary Immaculate Hospital (Nyeri North),SBD6Iy0Irz6,Mary Immaculate Hospital (Nyeri North),Keipsl10700,,MsbFixtB8mu,45-49 (Specific),,,ZOYVg7Hosni,Females,,,awSDzziN3Dn,HIV Positive (Specific),,,1,,
Kenya,Nyeri County,Kieni West Sub County,Mweiga Ward,Mary Immaculate Hospital (Nyeri North),SBD6Iy0Irz6,Mary Immaculate Hospital (Nyeri North),Keipsl10700,,bePcXLCq9Ov,50+ (Specific),,,ZOYVg7Hosni,Females,,,awSDzziN3Dn,HIV Positive (Specific),,,1,,
Kenya,Nyeri County,Kieni West Sub County,Mweiga Ward,Mary Immaculate Hospital (Nyeri North),SBD6Iy0Irz6,Mary Immaculate Hospital (Nyeri North),Keipsl10700,,bePcXLCq9Ov,50+ (Specific),,,hDBPKTjUPDm,Males,,,awSDzziN3Dn,HIV Positive (Specific),,,1,,
Kenya,Nyeri County,Kieni East Sub County,Naromoru/Kiamathaga Ward,Mt Kenya Narumoru Medical Clinic,bJH8GFI6zNM,Mt Kenya Narumoru Medical Clinic,Keipsl10741,,ftAnvKhxRxl,35-39 (Specific),,,ZOYVg7Hosni,Females,,,awSDzziN3Dn,HIV Positive (Specific),,,,1,
Kenya,Nyeri County,Kieni East Sub County,Naromoru/Kiamathaga Ward,Mt Kenya Narumoru Medical Clinic,bJH8GFI6zNM,Mt Kenya Narumoru Medical Clinic,Keipsl10741,,kyKHoWxTzHR,40-44 (Specific),,,hDBPKTjUPDm,Males,,,awSDzziN3Dn,HIV Positive (Specific),,,1,,
Kenya,Nyeri County,Kieni East Sub County,Naromoru/Kiamathaga Ward,Mt Kenya Narumoru Medical Clinic,bJH8GFI6zNM,Mt Kenya Narumoru Medical Clinic,Keipsl10741,,MsbFixtB8mu,45-49 (Specific),,,hDBPKTjUPDm,Males,,,awSDzziN3Dn,HIV Positive (Specific),,,1,,
Kenya,Nyeri County,Nyeri Central Sub County,Kamakwa/Mukaro Ward,Mt Kenya Sub-District Hospital,XtTLbWvTkQp,Mt Kenya Sub-District Hospital,Keipsl10739,,QOawCj9oLNS,15-19 (Specific),,,hDBPKTjUPDm,Males,,,awSDzziN3Dn,HIV Positive (Specific),,,,1,
Kenya,Nyeri County,Nyeri Central Sub County,Kamakwa/Mukaro Ward,Mt Kenya Sub-District Hospital,XtTLbWvTkQp,Mt Kenya Sub-District Hospital,Keipsl10739,,K9Cw4402aAh,25-29 (Specific),,,ZOYVg7Hosni,Females,,,awSDzziN3Dn,HIV Positive (Specific),,,,1,
Kenya,Nyeri County,Nyeri Central Sub County,Kamakwa/Mukaro Ward,Mt Kenya Sub-District Hospital,XtTLbWvTkQp,Mt Kenya Sub-District Hospital,Keipsl10739,,ftAnvKhxRxl,35-39 (Specific),,,ZOYVg7Hosni,Females,,,awSDzziN3Dn,HIV Positive (Specific),,,,1,
Kenya,Nyeri County,Nyeri Central Sub County,Kamakwa/Mukaro Ward,Mt Kenya Sub-District Hospital,XtTLbWvTkQp,Mt Kenya Sub-District Hospital,Keipsl10739,,ftAnvKhxRxl,35-39 (Specific),,,hDBPKTjUPDm,Males,,,awSDzziN3Dn,HIV Positive (Specific),,,1,,
Kenya,Nyeri County,Nyeri Central Sub County,Kamakwa/Mukaro Ward,Mt Kenya Sub-District Hospital,XtTLbWvTkQp,Mt Kenya Sub-District Hospital,Keipsl10739,,kyKHoWxTzHR,40-44 (Specific),,,hDBPKTjUPDm,Males,,,awSDzziN3Dn,HIV Positive (Specific),,,,1,
Kenya,Nyeri County,Nyeri Central Sub County,Kamakwa/Mukaro Ward,Mt Kenya Sub-District Hospital,XtTLbWvTkQp,Mt Kenya Sub-District Hospital,Keipsl10739,,MsbFixtB8mu,45-49 (Specific),,,ZOYVg7Hosni,Females,,,awSDzziN3Dn,HIV Positive (Specific),,,,1,
Kenya,Nyeri County,Nyeri Central Sub County,Kamakwa/Mukaro Ward,Mt Kenya Sub-District Hospital,XtTLbWvTkQp,Mt Kenya Sub-District Hospital,Keipsl10739,,bePcXLCq9Ov,50+ (Specific),,,ZOYVg7Hosni,Females,,,awSDzziN3Dn,HIV Positive (Specific),,,,1,
Kenya,Nyeri County,Kieni West Sub County,Mugunda Ward,Mugunda Mission Dispensary,LXIK3CMyZgC,Mugunda Mission Dispensary,Keipsl10750,,JqZFtdn1sG3,30-34 (Specific),,,ZOYVg7Hosni,Females,,,awSDzziN3Dn,HIV Positive (Specific),,,,1,
Kenya,Nyeri County,Kieni West Sub County,Mugunda Ward,Mugunda Mission Dispensary,LXIK3CMyZgC,Mugunda Mission Dispensary,Keipsl10750,,kyKHoWxTzHR,40-44 (Specific),,,ZOYVg7Hosni,Females,,,awSDzziN3Dn,HIV Positive (Specific),,,,1,
Kenya,Nyeri County,Kieni West Sub County,Mugunda Ward,Mugunda Mission Dispensary,LXIK3CMyZgC,Mugunda Mission Dispensary,Keipsl10750,,bePcXLCq9Ov,50+ (Specific),,,ZOYVg7Hosni,Females,,,awSDzziN3Dn,HIV Positive (Specific),,,1,,
Kenya,Nyeri County,Kieni West Sub County,Mugunda Ward,Mugunda Mission Dispensary,LXIK3CMyZgC,Mugunda Mission Dispensary,Keipsl10750,,bePcXLCq9Ov,50+ (Specific),,,hDBPKTjUPDm,Males,,,awSDzziN3Dn,HIV Positive (Specific),,,1,,
Kenya,Nyeri County,Mukurweini Sub County,Mukurwe-ini Central Ward,Mukurweini District Hospital,XvkP87ztEqw,Mukurweini District Hospital,Keipsl10763,,BDPEHrovntA,20-24 (Specific),,,ZOYVg7Hosni,Females,,,awSDzziN3Dn,HIV Positive (Specific),,,1,,
Kenya,Nyeri County,Mukurweini Sub County,Mukurwe-ini Central Ward,Mukurweini District Hospital,XvkP87ztEqw,Mukurweini District Hospital,Keipsl10763,,K9Cw4402aAh,25-29 (Specific),,,ZOYVg7Hosni,Females,,,awSDzziN3Dn,HIV Positive (Specific),,,1,,
Kenya,Nyeri County,Mukurweini Sub County,Mukurwe-ini Central Ward,Mukurweini District Hospital,XvkP87ztEqw,Mukurweini District Hospital,Keipsl10763,,K9Cw4402aAh,25-29 (Specific),,,hDBPKTjUPDm,Males,,,awSDzziN3Dn,HIV Positive (Specific),,,3,,
Kenya,Nyeri County,Mukurweini Sub County,Mukurwe-ini Central Ward,Mukurweini District Hospital,XvkP87ztEqw,Mukurweini District Hospital,Keipsl10763,,JqZFtdn1sG3,30-34 (Specific),,,ZOYVg7Hosni,Females,,,awSDzziN3Dn,HIV Positive (Specific),,,1,,
Kenya,Nyeri County,Mukurweini Sub County,Mukurwe-ini Central Ward,Mukurweini District Hospital,XvkP87ztEqw,Mukurweini District Hospital,Keipsl10763,,JqZFtdn1sG3,30-34 (Specific),,,hDBPKTjUPDm,Males,,,awSDzziN3Dn,HIV Positive (Specific),,,1,,
Kenya,Nyeri County,Mukurweini Sub County,Mukurwe-ini Central Ward,Mukurweini District Hospital,XvkP87ztEqw,Mukurweini District Hospital,Keipsl10763,,ftAnvKhxRxl,35-39 (Specific),,,ZOYVg7Hosni,Females,,,awSDzziN3Dn,HIV Positive (Specific),,,,4,
Kenya,Nyeri County,Mukurweini Sub County,Mukurwe-ini Central Ward,Mukurweini District Hospital,XvkP87ztEqw,Mukurweini District Hospital,Keipsl10763,,ftAnvKhxRxl,35-39 (Specific),,,hDBPKTjUPDm,Males,,,awSDzziN3Dn,HIV Positive (Specific),,,1,2,
Kenya,Nyeri County,Mukurweini Sub County,Mukurwe-ini Central Ward,Mukurweini District Hospital,XvkP87ztEqw,Mukurweini District Hospital,Keipsl10763,,kyKHoWxTzHR,40-44 (Specific),,,ZOYVg7Hosni,Females,,,awSDzziN3Dn,HIV Positive (Specific),,,2,1,
Kenya,Nyeri County,Mukurweini Sub County,Mukurwe-ini Central Ward,Mukurweini District Hospital,XvkP87ztEqw,Mukurweini District Hospital,Keipsl10763,,kyKHoWxTzHR,40-44 (Specific),,,hDBPKTjUPDm,Males,,,awSDzziN3Dn,HIV Positive (Specific),,,1,,
Kenya,Nyeri County,Mukurweini Sub County,Mukurwe-ini Central Ward,Mukurweini District Hospital,XvkP87ztEqw,Mukurweini District Hospital,Keipsl10763,,MsbFixtB8mu,45-49 (Specific),,,ZOYVg7Hosni,Females,,,awSDzziN3Dn,HIV Positive (Specific),,,,1,
Kenya,Nyeri County,Mukurweini Sub County,Mukurwe-ini Central Ward,Mukurweini District Hospital,XvkP87ztEqw,Mukurweini District Hospital,Keipsl10763,,bePcXLCq9Ov,50+ (Specific),,,ZOYVg7Hosni,Females,,,awSDzziN3Dn,HIV Positive (Specific),,,,1,
Kenya,Nyeri County,Kieni West Sub County,Mweiga Ward,Mweiga Health Centre,hFBbJc0n7tr,Mweiga Health Centre,Keipsl10809,,K9Cw4402aAh,25-29 (Specific),,,ZOYVg7Hosni,Females,,,awSDzziN3Dn,HIV Positive (Specific),,,,3,
Kenya,Nyeri County,Kieni West Sub County,Mweiga Ward,Mweiga Health Centre,hFBbJc0n7tr,Mweiga Health Centre,Keipsl10809,,K9Cw4402aAh,25-29 (Specific),,,hDBPKTjUPDm,Males,,,awSDzziN3Dn,HIV Positive (Specific),,,1,,
Kenya,Nyeri County,Kieni West Sub County,Mweiga Ward,Mweiga Health Centre,hFBbJc0n7tr,Mweiga Health Centre,Keipsl10809,,ftAnvKhxRxl,35-39 (Specific),,,ZOYVg7Hosni,Females,,,awSDzziN3Dn,HIV Positive (Specific),,,,1,
Kenya,Nyeri County,Kieni West Sub County,Mweiga Ward,Mweiga Health Centre,hFBbJc0n7tr,Mweiga Health Centre,Keipsl10809,,kyKHoWxTzHR,40-44 (Specific),,,ZOYVg7Hosni,Females,,,awSDzziN3Dn,HIV Positive (Specific),,,,1,
Kenya,Nyeri County,Kieni West Sub County,Mweiga Ward,Mweiga Health Centre,hFBbJc0n7tr,Mweiga Health Centre,Keipsl10809,,kyKHoWxTzHR,40-44 (Specific),,,hDBPKTjUPDm,Males,,,awSDzziN3Dn,HIV Positive (Specific),,,,1,
Kenya,Nyeri County,Kieni West Sub County,Mweiga Ward,Mweiga Health Centre,hFBbJc0n7tr,Mweiga Health Centre,Keipsl10809,,bePcXLCq9Ov,50+ (Specific),,,ZOYVg7Hosni,Females,,,awSDzziN3Dn,HIV Positive (Specific),,,2,,
Kenya,Nyeri County,Kieni West Sub County,Mweiga Ward,Mweiga Health Centre,hFBbJc0n7tr,Mweiga Health Centre,Keipsl10809,,bePcXLCq9Ov,50+ (Specific),,,hDBPKTjUPDm,Males,,,awSDzziN3Dn,HIV Positive (Specific),,,,1,
Kenya,Nyeri County,Kieni East Sub County,Naromoru/Kiamathaga Ward,Naromoru Health Centre,hA2mrk5CjZS,Naromoru Health Centre,Keipsl10822,,QOawCj9oLNS,15-19 (Specific),,,ZOYVg7Hosni,Females,,,awSDzziN3Dn,HIV Positive (Specific),,,1,,
Kenya,Nyeri County,Kieni East Sub County,Naromoru/Kiamathaga Ward,Naromoru Health Centre,hA2mrk5CjZS,Naromoru Health Centre,Keipsl10822,,BDPEHrovntA,20-24 (Specific),,,ZOYVg7Hosni,Females,,,awSDzziN3Dn,HIV Positive (Specific),,,1,,
Kenya,Nyeri County,Kieni East Sub County,Naromoru/Kiamathaga Ward,Naromoru Health Centre,hA2mrk5CjZS,Naromoru Health Centre,Keipsl10822,,kyKHoWxTzHR,40-44 (Specific),,,ZOYVg7Hosni,Females,,,awSDzziN3Dn,HIV Positive (Specific),,,1,1,
Kenya,Nyeri County,Kieni East Sub County,Naromoru/Kiamathaga Ward,Naromoru Health Centre,hA2mrk5CjZS,Naromoru Health Centre,Keipsl10822,,MsbFixtB8mu,45-49 (Specific),,,ZOYVg7Hosni,Females,,,awSDzziN3Dn,HIV Positive (Specific),,,1,1,
Kenya,Nyeri County,Kieni East Sub County,Naromoru/Kiamathaga Ward,Naromoru Health Centre,hA2mrk5CjZS,Naromoru Health Centre,Keipsl10822,,MsbFixtB8mu,45-49 (Specific),,,hDBPKTjUPDm,Males,,,awSDzziN3Dn,HIV Positive (Specific),,,,1,
Kenya,Nyeri County,Kieni East Sub County,Naromoru/Kiamathaga Ward,Naromoru Health Centre,hA2mrk5CjZS,Naromoru Health Centre,Keipsl10822,,bePcXLCq9Ov,50+ (Specific),,,ZOYVg7Hosni,Females,,,awSDzziN3Dn,HIV Positive (Specific),,,1,,
Kenya,Nyeri County,Kieni East Sub County,Naromoru/Kiamathaga Ward,Narumoru Catholic Dispensary,iQrZOEPM6op,Narumoru Catholic Dispensary,Keipsl16816,,tIZRQs0FK5P,10-14 (Specific),,,hDBPKTjUPDm,Males,,,awSDzziN3Dn,HIV Positive (Specific),,,1,,
Kenya,Nyeri County,Mathira West Sub County,Ruguru Ward,Ngorano Health Centre,bGD1Te8U7pt,Ngorano Health Centre,Keipsl10870,,K9Cw4402aAh,25-29 (Specific),,,hDBPKTjUPDm,Males,,,awSDzziN3Dn,HIV Positive (Specific),,,1,,
Kenya,Nyeri County,Mathira West Sub County,Ruguru Ward,Ngorano Health Centre,bGD1Te8U7pt,Ngorano Health Centre,Keipsl10870,,ftAnvKhxRxl,35-39 (Specific),,,ZOYVg7Hosni,Females,,,awSDzziN3Dn,HIV Positive (Specific),,,,1,
Kenya,Nyeri County,Mathira West Sub County,Ruguru Ward,Ngorano Health Centre,bGD1Te8U7pt,Ngorano Health Centre,Keipsl10870,,ftAnvKhxRxl,35-39 (Specific),,,hDBPKTjUPDm,Males,,,awSDzziN3Dn,HIV Positive (Specific),,,,1,
Kenya,Nyeri County,Mathira West Sub County,Ruguru Ward,Ngorano Health Centre,bGD1Te8U7pt,Ngorano Health Centre,Keipsl10870,,kyKHoWxTzHR,40-44 (Specific),,,ZOYVg7Hosni,Females,,,awSDzziN3Dn,HIV Positive (Specific),,,1,,
Kenya,Nyeri County,Mathira West Sub County,Ruguru Ward,Ngorano Health Centre,bGD1Te8U7pt,Ngorano Health Centre,Keipsl10870,,bePcXLCq9Ov,50+ (Specific),,,ZOYVg7Hosni,Females,,,awSDzziN3Dn,HIV Positive (Specific),,,1,,
Kenya,Nyeri County,Mukurweini Sub County,Mukurwe-ini West Ward,Njoki Dispensary,VQVN394eNot,Njoki Dispensary,Keipsl10884,,BDPEHrovntA,20-24 (Specific),,,ZOYVg7Hosni,Females,,,awSDzziN3Dn,HIV Positive (Specific),,,,1,
Kenya,Nyeri County,Mukurweini Sub County,Mukurwe-ini West Ward,Njoki Dispensary,VQVN394eNot,Njoki Dispensary,Keipsl10884,,K9Cw4402aAh,25-29 (Specific),,,ZOYVg7Hosni,Females,,,awSDzziN3Dn,HIV Positive (Specific),,,,1,
Kenya,Nyeri County,Mukurweini Sub County,Mukurwe-ini West Ward,Njoki Dispensary,VQVN394eNot,Njoki Dispensary,Keipsl10884,,K9Cw4402aAh,25-29 (Specific),,,hDBPKTjUPDm,Males,,,awSDzziN3Dn,HIV Positive (Specific),,,,1,
Kenya,Nyeri County,Mukurweini Sub County,Mukurwe-ini West Ward,Njoki Dispensary,VQVN394eNot,Njoki Dispensary,Keipsl10884,,ftAnvKhxRxl,35-39 (Specific),,,hDBPKTjUPDm,Males,,,awSDzziN3Dn,HIV Positive (Specific),,,,1,
Kenya,Nyeri County,Mukurweini Sub County,Mukurwe-ini West Ward,Njoki Dispensary,VQVN394eNot,Njoki Dispensary,Keipsl10884,,kyKHoWxTzHR,40-44 (Specific),,,ZOYVg7Hosni,Females,,,awSDzziN3Dn,HIV Positive (Specific),,,2,1,
Kenya,Nyeri County,Nyeri Central Sub County,Rware Ward,Nyeri Provincial General Hospital (PGH),hwV4X3gFcyN,Nyeri Provincial General Hospital (PGH),Keipsl10903,,QOawCj9oLNS,15-19 (Specific),,,ZOYVg7Hosni,Females,,,awSDzziN3Dn,HIV Positive (Specific),,,,1,
Kenya,Nyeri County,Nyeri Central Sub County,Rware Ward,Nyeri Provincial General Hospital (PGH),hwV4X3gFcyN,Nyeri Provincial General Hospital (PGH),Keipsl10903,,BDPEHrovntA,20-24 (Specific),,,ZOYVg7Hosni,Females,,,awSDzziN3Dn,HIV Positive (Specific),,,1,4,
Kenya,Nyeri County,Nyeri Central Sub County,Rware Ward,Nyeri Provincial General Hospital (PGH),hwV4X3gFcyN,Nyeri Provincial General Hospital (PGH),Keipsl10903,,BDPEHrovntA,20-24 (Specific),,,hDBPKTjUPDm,Males,,,awSDzziN3Dn,HIV Positive (Specific),,,1,,
Kenya,Nyeri County,Nyeri Central Sub County,Rware Ward,Nyeri Provincial General Hospital (PGH),hwV4X3gFcyN,Nyeri Provincial General Hospital (PGH),Keipsl10903,,K9Cw4402aAh,25-29 (Specific),,,ZOYVg7Hosni,Females,,,awSDzziN3Dn,HIV Positive (Specific),,,1,2,
Kenya,Nyeri County,Nyeri Central Sub County,Rware Ward,Nyeri Provincial General Hospital (PGH),hwV4X3gFcyN,Nyeri Provincial General Hospital (PGH),Keipsl10903,,K9Cw4402aAh,25-29 (Specific),,,hDBPKTjUPDm,Males,,,awSDzziN3Dn,HIV Positive (Specific),,,1,,
Kenya,Nyeri County,Nyeri Central Sub County,Rware Ward,Nyeri Provincial General Hospital (PGH),hwV4X3gFcyN,Nyeri Provincial General Hospital (PGH),Keipsl10903,,JqZFtdn1sG3,30-34 (Specific),,,ZOYVg7Hosni,Females,,,awSDzziN3Dn,HIV Positive (Specific),,,1,2,
Kenya,Nyeri County,Nyeri Central Sub County,Rware Ward,Nyeri Provincial General Hospital (PGH),hwV4X3gFcyN,Nyeri Provincial General Hospital (PGH),Keipsl10903,,JqZFtdn1sG3,30-34 (Specific),,,hDBPKTjUPDm,Males,,,awSDzziN3Dn,HIV Positive (Specific),,,,1,
Kenya,Nyeri County,Nyeri Central Sub County,Rware Ward,Nyeri Provincial General Hospital (PGH),hwV4X3gFcyN,Nyeri Provincial General Hospital (PGH),Keipsl10903,,ftAnvKhxRxl,35-39 (Specific),,,ZOYVg7Hosni,Females,,,awSDzziN3Dn,HIV Positive (Specific),,,2,3,
Kenya,Nyeri County,Nyeri Central Sub County,Rware Ward,Nyeri Provincial General Hospital (PGH),hwV4X3gFcyN,Nyeri Provincial General Hospital (PGH),Keipsl10903,,ftAnvKhxRxl,35-39 (Specific),,,hDBPKTjUPDm,Males,,,awSDzziN3Dn,HIV Positive (Specific),,,,1,
Kenya,Nyeri County,Nyeri Central Sub County,Rware Ward,Nyeri Provincial General Hospital (PGH),hwV4X3gFcyN,Nyeri Provincial General Hospital (PGH),Keipsl10903,,kyKHoWxTzHR,40-44 (Specific),,,ZOYVg7Hosni,Females,,,awSDzziN3Dn,HIV Positive (Specific),,,,1,
Kenya,Nyeri County,Nyeri Central Sub County,Rware Ward,Nyeri Provincial General Hospital (PGH),hwV4X3gFcyN,Nyeri Provincial General Hospital (PGH),Keipsl10903,,kyKHoWxTzHR,40-44 (Specific),,,hDBPKTjUPDm,Males,,,awSDzziN3Dn,HIV Positive (Specific),,,3,,
Kenya,Nyeri County,Nyeri Central Sub County,Rware Ward,Nyeri Provincial General Hospital (PGH),hwV4X3gFcyN,Nyeri Provincial General Hospital (PGH),Keipsl10903,,MsbFixtB8mu,45-49 (Specific),,,ZOYVg7Hosni,Females,,,awSDzziN3Dn,HIV Positive (Specific),,,,2,
Kenya,Nyeri County,Nyeri Central Sub County,Rware Ward,Nyeri Provincial General Hospital (PGH),hwV4X3gFcyN,Nyeri Provincial General Hospital (PGH),Keipsl10903,,MsbFixtB8mu,45-49 (Specific),,,hDBPKTjUPDm,Males,,,awSDzziN3Dn,HIV Positive (Specific),,,2,1,
Kenya,Nyeri County,Nyeri Central Sub County,Rware Ward,Nyeri Provincial General Hospital (PGH),hwV4X3gFcyN,Nyeri Provincial General Hospital (PGH),Keipsl10903,,bePcXLCq9Ov,50+ (Specific),,,ZOYVg7Hosni,Females,,,awSDzziN3Dn,HIV Positive (Specific),,,,1,
Kenya,Nyeri County,Nyeri Central Sub County,Rware Ward,Nyeri Provincial General Hospital (PGH),hwV4X3gFcyN,Nyeri Provincial General Hospital (PGH),Keipsl10903,,bePcXLCq9Ov,50+ (Specific),,,hDBPKTjUPDm,Males,,,awSDzziN3Dn,HIV Positive (Specific),,,2,1,
Kenya,Nyeri County,Nyeri Central Sub County,Rware Ward,Nyeri Town Health Centre,TjEcDV3ehDG,Nyeri Town Health Centre,Keipsl10905,,BDPEHrovntA,20-24 (Specific),,,ZOYVg7Hosni,Females,,,awSDzziN3Dn,HIV Positive (Specific),,,,3,
Kenya,Nyeri County,Nyeri Central Sub County,Rware Ward,Nyeri Town Health Centre,TjEcDV3ehDG,Nyeri Town Health Centre,Keipsl10905,,K9Cw4402aAh,25-29 (Specific),,,ZOYVg7Hosni,Females,,,awSDzziN3Dn,HIV Positive (Specific),,,2,,
Kenya,Nyeri County,Nyeri Central Sub County,Rware Ward,Nyeri Town Health Centre,TjEcDV3ehDG,Nyeri Town Health Centre,Keipsl10905,,JqZFtdn1sG3,30-34 (Specific),,,hDBPKTjUPDm,Males,,,awSDzziN3Dn,HIV Positive (Specific),,,1,,
Kenya,Nyeri County,Nyeri Central Sub County,Rware Ward,Nyeri Town Health Centre,TjEcDV3ehDG,Nyeri Town Health Centre,Keipsl10905,,ftAnvKhxRxl,35-39 (Specific),,,ZOYVg7Hosni,Females,,,awSDzziN3Dn,HIV Positive (Specific),,,1,3,
Kenya,Nyeri County,Nyeri Central Sub County,Rware Ward,Nyeri Town Health Centre,TjEcDV3ehDG,Nyeri Town Health Centre,Keipsl10905,,ftAnvKhxRxl,35-39 (Specific),,,hDBPKTjUPDm,Males,,,awSDzziN3Dn,HIV Positive (Specific),,,1,1,
Kenya,Nyeri County,Nyeri Central Sub County,Rware Ward,Nyeri Town Health Centre,TjEcDV3ehDG,Nyeri Town Health Centre,Keipsl10905,,kyKHoWxTzHR,40-44 (Specific),,,ZOYVg7Hosni,Females,,,awSDzziN3Dn,HIV Positive (Specific),,,,3,
Kenya,Nyeri County,Nyeri Central Sub County,Rware Ward,Nyeri Town Health Centre,TjEcDV3ehDG,Nyeri Town Health Centre,Keipsl10905,,kyKHoWxTzHR,40-44 (Specific),,,hDBPKTjUPDm,Males,,,awSDzziN3Dn,HIV Positive (Specific),,,,1,
Kenya,Nyeri County,Nyeri Central Sub County,Rware Ward,Nyeri Town Health Centre,TjEcDV3ehDG,Nyeri Town Health Centre,Keipsl10905,,MsbFixtB8mu,45-49 (Specific),,,ZOYVg7Hosni,Females,,,awSDzziN3Dn,HIV Positive (Specific),,,,1,
Kenya,Nyeri County,Nyeri Central Sub County,Rware Ward,Nyeri Town Health Centre,TjEcDV3ehDG,Nyeri Town Health Centre,Keipsl10905,,MsbFixtB8mu,45-49 (Specific),,,hDBPKTjUPDm,Males,,,awSDzziN3Dn,HIV Positive (Specific),,,,2,
Kenya,Nyeri County,Nyeri Central Sub County,Rware Ward,Nyeri Town Health Centre,TjEcDV3ehDG,Nyeri Town Health Centre,Keipsl10905,,bePcXLCq9Ov,50+ (Specific),,,ZOYVg7Hosni,Females,,,awSDzziN3Dn,HIV Positive (Specific),,,,1,
Kenya,Nyeri County,Nyeri Central Sub County,Rware Ward,Nyeri Town Health Centre,TjEcDV3ehDG,Nyeri Town Health Centre,Keipsl10905,,bePcXLCq9Ov,50+ (Specific),,,hDBPKTjUPDm,Males,,,awSDzziN3Dn,HIV Positive (Specific),,,1,,
Kenya,Nyeri County,Nyeri South Sub County,Iria-ini Ward,Othaya Sub-District Hospital,aG5a9dHufcv,Othaya Sub-District Hospital,Keipsl10922,,BDPEHrovntA,20-24 (Specific),,,ZOYVg7Hosni,Females,,,awSDzziN3Dn,HIV Positive (Specific),,,,2,
Kenya,Nyeri County,Nyeri South Sub County,Iria-ini Ward,Othaya Sub-District Hospital,aG5a9dHufcv,Othaya Sub-District Hospital,Keipsl10922,,BDPEHrovntA,20-24 (Specific),,,hDBPKTjUPDm,Males,,,awSDzziN3Dn,HIV Positive (Specific),,,1,,
Kenya,Nyeri County,Nyeri South Sub County,Iria-ini Ward,Othaya Sub-District Hospital,aG5a9dHufcv,Othaya Sub-District Hospital,Keipsl10922,,K9Cw4402aAh,25-29 (Specific),,,ZOYVg7Hosni,Females,,,awSDzziN3Dn,HIV Positive (Specific),,,2,1,
Kenya,Nyeri County,Nyeri South Sub County,Iria-ini Ward,Othaya Sub-District Hospital,aG5a9dHufcv,Othaya Sub-District Hospital,Keipsl10922,,JqZFtdn1sG3,30-34 (Specific),,,ZOYVg7Hosni,Females,,,awSDzziN3Dn,HIV Positive (Specific),,,1,1,
Kenya,Nyeri County,Nyeri South Sub County,Iria-ini Ward,Othaya Sub-District Hospital,aG5a9dHufcv,Othaya Sub-District Hospital,Keipsl10922,,ftAnvKhxRxl,35-39 (Specific),,,ZOYVg7Hosni,Females,,,awSDzziN3Dn,HIV Positive (Specific),,,1,3,
Kenya,Nyeri County,Nyeri South Sub County,Iria-ini Ward,Othaya Sub-District Hospital,aG5a9dHufcv,Othaya Sub-District Hospital,Keipsl10922,,ftAnvKhxRxl,35-39 (Specific),,,hDBPKTjUPDm,Males,,,awSDzziN3Dn,HIV Positive (Specific),,,1,,
Kenya,Nyeri County,Nyeri South Sub County,Iria-ini Ward,Othaya Sub-District Hospital,aG5a9dHufcv,Othaya Sub-District Hospital,Keipsl10922,,kyKHoWxTzHR,40-44 (Specific),,,ZOYVg7Hosni,Females,,,awSDzziN3Dn,HIV Positive (Specific),,,,1,
Kenya,Nyeri County,Nyeri South Sub County,Iria-ini Ward,Othaya Sub-District Hospital,aG5a9dHufcv,Othaya Sub-District Hospital,Keipsl10922,,MsbFixtB8mu,45-49 (Specific),,,ZOYVg7Hosni,Females,,,awSDzziN3Dn,HIV Positive (Specific),,,1,,
Kenya,Nyeri County,Nyeri South Sub County,Iria-ini Ward,Othaya Sub-District Hospital,aG5a9dHufcv,Othaya Sub-District Hospital,Keipsl10922,,bePcXLCq9Ov,50+ (Specific),,,ZOYVg7Hosni,Females,,,awSDzziN3Dn,HIV Positive (Specific),,,1,1,
Kenya,Nyeri County,Nyeri Central Sub County,Kamakwa/Mukaro Ward,Outspan Hospital,d8pG2UUKPZg,Outspan Hospital,Keipsl10924,,K9Cw4402aAh,25-29 (Specific),,,hDBPKTjUPDm,Males,,,awSDzziN3Dn,HIV Positive (Specific),,,,1,
Kenya,Nyeri County,Nyeri Central Sub County,Kamakwa/Mukaro Ward,Outspan Hospital,d8pG2UUKPZg,Outspan Hospital,Keipsl10924,,JqZFtdn1sG3,30-34 (Specific),,,ZOYVg7Hosni,Females,,,awSDzziN3Dn,HIV Positive (Specific),,,1,,
Kenya,Nyeri County,Nyeri Central Sub County,Kamakwa/Mukaro Ward,Outspan Hospital,d8pG2UUKPZg,Outspan Hospital,Keipsl10924,,MsbFixtB8mu,45-49 (Specific),,,ZOYVg7Hosni,Females,,,awSDzziN3Dn,HIV Positive (Specific),,,,1,
Kenya,Nyeri County,Nyeri Central Sub County,Kamakwa/Mukaro Ward,Outspan Hospital,d8pG2UUKPZg,Outspan Hospital,Keipsl10924,,MsbFixtB8mu,45-49 (Specific),,,hDBPKTjUPDm,Males,,,awSDzziN3Dn,HIV Positive (Specific),,,,1,
Kenya,Nyeri County,Nyeri Central Sub County,Kamakwa/Mukaro Ward,Outspan Hospital,d8pG2UUKPZg,Outspan Hospital,Keipsl10924,,bePcXLCq9Ov,50+ (Specific),,,ZOYVg7Hosni,Females,,,awSDzziN3Dn,HIV Positive (Specific),,,1,,
Kenya,Nyeri County,Nyeri Central Sub County,Kamakwa/Mukaro Ward,Outspan Hospital,d8pG2UUKPZg,Outspan Hospital,Keipsl10924,,bePcXLCq9Ov,50+ (Specific),,,hDBPKTjUPDm,Males,,,awSDzziN3Dn,HIV Positive (Specific),,,,1,
Kenya,Nyeri County,Kieni East Sub County,Thegu River Ward,Ruguru Community Health Centre,COq7X5Jv3ch,Ruguru Community Health Centre,Keipsl18013,,tIZRQs0FK5P,10-14 (Specific),,,ZOYVg7Hosni,Females,,,awSDzziN3Dn,HIV Positive (Specific),,,,1,
Kenya,Nyeri County,Kieni East Sub County,Thegu River Ward,Ruguru Community Health Centre,COq7X5Jv3ch,Ruguru Community Health Centre,Keipsl18013,,MsbFixtB8mu,45-49 (Specific),,,ZOYVg7Hosni,Females,,,awSDzziN3Dn,HIV Positive (Specific),,,,1,
Kenya,Nyeri County,Mukurweini Sub County,Mukurwe-ini Central Ward,Thangathi Health Centre,HsrnrVj3FIE,Thangathi Health Centre,Keipsl11090,,JqZFtdn1sG3,30-34 (Specific),,,ZOYVg7Hosni,Females,,,awSDzziN3Dn,HIV Positive (Specific),,,,1,
Kenya,Nyeri County,Mukurweini Sub County,Mukurwe-ini Central Ward,Thangathi Health Centre,HsrnrVj3FIE,Thangathi Health Centre,Keipsl11090,,MsbFixtB8mu,45-49 (Specific),,,hDBPKTjUPDm,Males,,,awSDzziN3Dn,HIV Positive (Specific),,,1,,
Kenya,Nyeri County,Mukurweini Sub County,Mukurwe-ini Central Ward,Thangathi Health Centre,HsrnrVj3FIE,Thangathi Health Centre,Keipsl11090,,bePcXLCq9Ov,50+ (Specific),,,ZOYVg7Hosni,Females,,,awSDzziN3Dn,HIV Positive (Specific),,,1,,
Kenya,Nyeri County,Mathira West Sub County,Kirimukuyu Ward,Tumutumu (PCEA) Hospital,Fmvyj1KJDxH,Tumutumu (PCEA) Hospital,Keipsl11124,,BDPEHrovntA,20-24 (Specific),,,ZOYVg7Hosni,Females,,,awSDzziN3Dn,HIV Positive (Specific),,,1,,
Kenya,Nyeri County,Mathira West Sub County,Kirimukuyu Ward,Tumutumu (PCEA) Hospital,Fmvyj1KJDxH,Tumutumu (PCEA) Hospital,Keipsl11124,,K9Cw4402aAh,25-29 (Specific),,,hDBPKTjUPDm,Males,,,awSDzziN3Dn,HIV Positive (Specific),,,,,1
Kenya,Nyeri County,Mathira West Sub County,Kirimukuyu Ward,Tumutumu (PCEA) Hospital,Fmvyj1KJDxH,Tumutumu (PCEA) Hospital,Keipsl11124,,JqZFtdn1sG3,30-34 (Specific),,,ZOYVg7Hosni,Females,,,awSDzziN3Dn,HIV Positive (Specific),,,1,,
Kenya,Nyeri County,Mathira West Sub County,Kirimukuyu Ward,Tumutumu (PCEA) Hospital,Fmvyj1KJDxH,Tumutumu (PCEA) Hospital,Keipsl11124,,ftAnvKhxRxl,35-39 (Specific),,,ZOYVg7Hosni,Females,,,awSDzziN3Dn,HIV Positive (Specific),,,1,1,1
Kenya,Nyeri County,Mathira West Sub County,Kirimukuyu Ward,Tumutumu (PCEA) Hospital,Fmvyj1KJDxH,Tumutumu (PCEA) Hospital,Keipsl11124,,ftAnvKhxRxl,35-39 (Specific),,,hDBPKTjUPDm,Males,,,awSDzziN3Dn,HIV Positive (Specific),,,,1,
Kenya,Nyeri County,Mathira West Sub County,Kirimukuyu Ward,Tumutumu (PCEA) Hospital,Fmvyj1KJDxH,Tumutumu (PCEA) Hospital,Keipsl11124,,kyKHoWxTzHR,40-44 (Specific),,,ZOYVg7Hosni,Females,,,awSDzziN3Dn,HIV Positive (Specific),,,1,1,1
Kenya,Nyeri County,Mathira West Sub County,Kirimukuyu Ward,Tumutumu (PCEA) Hospital,Fmvyj1KJDxH,Tumutumu (PCEA) Hospital,Keipsl11124,,kyKHoWxTzHR,40-44 (Specific),,,hDBPKTjUPDm,Males,,,awSDzziN3Dn,HIV Positive (Specific),,,1,,
Kenya,Nyeri County,Mathira West Sub County,Kirimukuyu Ward,Tumutumu (PCEA) Hospital,Fmvyj1KJDxH,Tumutumu (PCEA) Hospital,Keipsl11124,,MsbFixtB8mu,45-49 (Specific),,,ZOYVg7Hosni,Females,,,awSDzziN3Dn,HIV Positive (Specific),,,,1,
Kenya,Nyeri County,Mathira West Sub County,Kirimukuyu Ward,Tumutumu (PCEA) Hospital,Fmvyj1KJDxH,Tumutumu (PCEA) Hospital,Keipsl11124,,MsbFixtB8mu,45-49 (Specific),,,hDBPKTjUPDm,Males,,,awSDzziN3Dn,HIV Positive (Specific),,,,1,
Kenya,Nyeri County,Mathira West Sub County,Kirimukuyu Ward,Tumutumu (PCEA) Hospital,Fmvyj1KJDxH,Tumutumu (PCEA) Hospital,Keipsl11124,,bePcXLCq9Ov,50+ (Specific),,,ZOYVg7Hosni,Females,,,awSDzziN3Dn,HIV Positive (Specific),,,1,,2
Kenya,Nyeri County,Mathira West Sub County,Kirimukuyu Ward,Tumutumu (PCEA) Hospital,Fmvyj1KJDxH,Tumutumu (PCEA) Hospital,Keipsl11124,,bePcXLCq9Ov,50+ (Specific),,,hDBPKTjUPDm,Males,,,awSDzziN3Dn,HIV Positive (Specific),,,,,3
Kenya,Nyeri County,Tetu Sub County,Wamagana Ward,Wamagana Health Centre,KUZMrRiTMnp,Wamagana Health Centre,Keipsl11161,,kyKHoWxTzHR,40-44 (Specific),,,hDBPKTjUPDm,Males,,,awSDzziN3Dn,HIV Positive (Specific),,,1,,
Kenya,Nyeri County,Tetu Sub County,Wamagana Ward,Wamagana Health Centre,KUZMrRiTMnp,Wamagana Health Centre,Keipsl11161,,bePcXLCq9Ov,50+ (Specific),,,hDBPKTjUPDm,Males,,,awSDzziN3Dn,HIV Positive (Specific),,,,1,
Kenya,Nyeri County,Kieni East Sub County,Kabaru Ward,Warazo Rural Health Centre,zZeTb9XRK3F,Warazo Rural Health Centre,Keipsl11176,,ftAnvKhxRxl,35-39 (Specific),,,ZOYVg7Hosni,Females,,,awSDzziN3Dn,HIV Positive (Specific),,,,1,
Kenya,Nyeri County,Kieni East Sub County,Kabaru Ward,Warazo Rural Health Centre,zZeTb9XRK3F,Warazo Rural Health Centre,Keipsl11176,,kyKHoWxTzHR,40-44 (Specific),,,ZOYVg7Hosni,Females,,,awSDzziN3Dn,HIV Positive (Specific),,,1,,
Kenya,Nyeri County,Kieni East Sub County,Kabaru Ward,Warazo Rural Health Centre,zZeTb9XRK3F,Warazo Rural Health Centre,Keipsl11176,,bePcXLCq9Ov,50+ (Specific),,,hDBPKTjUPDm,Males,,,awSDzziN3Dn,HIV Positive (Specific),,,1,,
