orgunitlevel1,orgunitlevel2,orgunitlevel3,orgunitlevel4,orgunitlevel5,organisationunitid,organisationunitname,organisationunitcode,dataid,dataname,Dec-22,Mar-23,Jun-23
Kenya,Nyeri County,Kieni West Sub County,Mugunda Ward,Bellevue Health Centre,fCLmgx815vO,Bellevue Health Centre,10055,wbJOu4h2SSz,MOH 731 On ART_1-9 HV03-029,5,5,5
Kenya,Nyeri County,Kieni West Sub County,Mugunda Ward,Bellevue Health Centre,fCLmgx815vO,Bellevue Health Centre,10055,GSEmLUnrvzj,MOH 731 On ART_10-14 (F) HV03-031,1,1,1
Kenya,Nyeri County,Kieni West Sub County,Mugunda Ward,Bellevue Health Centre,fCLmgx815vO,Bellevue Health Centre,10055,Jbu4if6gtDp,MOH 731 On ART_10-14(M) HV03-030,5,5,5
Kenya,Nyeri County,Kieni West Sub County,Mugunda Ward,Bellevue Health Centre,fCLmgx815vO,Bellevue Health Centre,10055,AQsTt7jtKbt,MOH 731 On ART_15-19 (F) HV03-033,3,4,4
Kenya,Nyeri County,Kieni West Sub County,Mugunda Ward,Bellevue Health Centre,fCLmgx815vO,Bellevue Health Centre,10055,oOOnacUi9Jm,MOH 731 On ART_15-19(M) HV03-032,2,3,3
Kenya,Nyeri County,Kieni West Sub County,Mugunda Ward,Bellevue Health Centre,fCLmgx815vO,Bellevue Health Centre,10055,EhZQp3PTA3C,MOH 731 On ART_20-24 (F) HV03-035,4,4,4
Kenya,Nyeri County,Kieni West Sub County,Mugunda Ward,Bellevue Health Centre,fCLmgx815vO,Bellevue Health Centre,10055,e93GKJTHKAX,MOH 731 On ART_20-24(M) HV03-034,1,2,2
Kenya,Nyeri County,Kieni West Sub County,Mugunda Ward,Bellevue Health Centre,fCLmgx815vO,Bellevue Health Centre,10055,yNCUlEYkmyA,MOH 731 On ART_25+ (F) HV03-037,107,106,101
Kenya,Nyeri County,Kieni West Sub County,Mugunda Ward,Bellevue Health Centre,fCLmgx815vO,Bellevue Health Centre,10055,pR7VzBydoj3,MOH 731 On ART_25+(M) HV03-036,48,51,50
Kenya,Nyeri County,Nyeri Central Sub County,Kiganjo/Mathari Ward,Consolata Mission Hospital (Mathari),Aqw6Dbpsjk6,Consolata Mission Hospital (Mathari),10100,SJL4k6Gl53C,MOH 731 On ART_<1 HV03-028,1,,
Kenya,Nyeri County,Nyeri Central Sub County,Kiganjo/Mathari Ward,Consolata Mission Hospital (Mathari),Aqw6Dbpsjk6,Consolata Mission Hospital (Mathari),10100,wbJOu4h2SSz,MOH 731 On ART_1-9 HV03-029,10,10,9
Kenya,Nyeri County,Nyeri Central Sub County,Kiganjo/Mathari Ward,Consolata Mission Hospital (Mathari),Aqw6Dbpsjk6,Consolata Mission Hospital (Mathari),10100,GSEmLUnrvzj,MOH 731 On ART_10-14 (F) HV03-031,9,10,9
Kenya,Nyeri County,Nyeri Central Sub County,Kiganjo/Mathari Ward,Consolata Mission Hospital (Mathari),Aqw6Dbpsjk6,Consolata Mission Hospital (Mathari),10100,Jbu4if6gtDp,MOH 731 On ART_10-14(M) HV03-030,8,8,9
Kenya,Nyeri County,Nyeri Central Sub County,Kiganjo/Mathari Ward,Consolata Mission Hospital (Mathari),Aqw6Dbpsjk6,Consolata Mission Hospital (Mathari),10100,AQsTt7jtKbt,MOH 731 On ART_15-19 (F) HV03-033,21,20,21
Kenya,Nyeri County,Nyeri Central Sub County,Kiganjo/Mathari Ward,Consolata Mission Hospital (Mathari),Aqw6Dbpsjk6,Consolata Mission Hospital (Mathari),10100,oOOnacUi9Jm,MOH 731 On ART_15-19(M) HV03-032,16,14,13
Kenya,Nyeri County,Nyeri Central Sub County,Kiganjo/Mathari Ward,Consolata Mission Hospital (Mathari),Aqw6Dbpsjk6,Consolata Mission Hospital (Mathari),10100,EhZQp3PTA3C,MOH 731 On ART_20-24 (F) HV03-035,24,22,19
Kenya,Nyeri County,Nyeri Central Sub County,Kiganjo/Mathari Ward,Consolata Mission Hospital (Mathari),Aqw6Dbpsjk6,Consolata Mission Hospital (Mathari),10100,e93GKJTHKAX,MOH 731 On ART_20-24(M) HV03-034,20,21,22
Kenya,Nyeri County,Nyeri Central Sub County,Kiganjo/Mathari Ward,Consolata Mission Hospital (Mathari),Aqw6Dbpsjk6,Consolata Mission Hospital (Mathari),10100,yNCUlEYkmyA,MOH 731 On ART_25+ (F) HV03-037,850,850,852
Kenya,Nyeri County,Nyeri Central Sub County,Kiganjo/Mathari Ward,Consolata Mission Hospital (Mathari),Aqw6Dbpsjk6,Consolata Mission Hospital (Mathari),10100,pR7VzBydoj3,MOH 731 On ART_25+(M) HV03-036,376,383,383
Kenya,Nyeri County,Kieni West Sub County,Mwiyogo/Endarasha Ward,Endarasha Rural Health Centre,I4AiM5QGOvq,Endarasha Rural Health Centre,10170,SJL4k6Gl53C,MOH 731 On ART_<1 HV03-028,1,,
Kenya,Nyeri County,Kieni West Sub County,Mwiyogo/Endarasha Ward,Endarasha Rural Health Centre,I4AiM5QGOvq,Endarasha Rural Health Centre,10170,wbJOu4h2SSz,MOH 731 On ART_1-9 HV03-029,5,5,4
Kenya,Nyeri County,Kieni West Sub County,Mwiyogo/Endarasha Ward,Endarasha Rural Health Centre,I4AiM5QGOvq,Endarasha Rural Health Centre,10170,GSEmLUnrvzj,MOH 731 On ART_10-14 (F) HV03-031,6,6,7
Kenya,Nyeri County,Kieni West Sub County,Mwiyogo/Endarasha Ward,Endarasha Rural Health Centre,I4AiM5QGOvq,Endarasha Rural Health Centre,10170,Jbu4if6gtDp,MOH 731 On ART_10-14(M) HV03-030,3,3,4
Kenya,Nyeri County,Kieni West Sub County,Mwiyogo/Endarasha Ward,Endarasha Rural Health Centre,I4AiM5QGOvq,Endarasha Rural Health Centre,10170,AQsTt7jtKbt,MOH 731 On ART_15-19 (F) HV03-033,2,2,2
Kenya,Nyeri County,Kieni West Sub County,Mwiyogo/Endarasha Ward,Endarasha Rural Health Centre,I4AiM5QGOvq,Endarasha Rural Health Centre,10170,oOOnacUi9Jm,MOH 731 On ART_15-19(M) HV03-032,4,4,3
Kenya,Nyeri County,Kieni West Sub County,Mwiyogo/Endarasha Ward,Endarasha Rural Health Centre,I4AiM5QGOvq,Endarasha Rural Health Centre,10170,EhZQp3PTA3C,MOH 731 On ART_20-24 (F) HV03-035,7,8,7
Kenya,Nyeri County,Kieni West Sub County,Mwiyogo/Endarasha Ward,Endarasha Rural Health Centre,I4AiM5QGOvq,Endarasha Rural Health Centre,10170,e93GKJTHKAX,MOH 731 On ART_20-24(M) HV03-034,3,2,3
Kenya,Nyeri County,Kieni West Sub County,Mwiyogo/Endarasha Ward,Endarasha Rural Health Centre,I4AiM5QGOvq,Endarasha Rural Health Centre,10170,yNCUlEYkmyA,MOH 731 On ART_25+ (F) HV03-037,174,176,180
Kenya,Nyeri County,Kieni West Sub County,Mwiyogo/Endarasha Ward,Endarasha Rural Health Centre,I4AiM5QGOvq,Endarasha Rural Health Centre,10170,pR7VzBydoj3,MOH 731 On ART_25+(M) HV03-036,65,66,67
Kenya,Nyeri County,Kieni East Sub County,Gakawa Ward,Gakawa Dispensary,wpzFaD5rUsJ,Gakawa Dispensary,10200,yNCUlEYkmyA,MOH 731 On ART_25+ (F) HV03-037,1,2,
Kenya,Nyeri County,Mathira East Sub County,Magutu Ward,Gatei Dispensary,QSBdWpfSrPb,Gatei Dispensary,10210,wbJOu4h2SSz,MOH 731 On ART_1-9 HV03-029,2,4,4
Kenya,Nyeri County,Mathira East Sub County,Magutu Ward,Gatei Dispensary,QSBdWpfSrPb,Gatei Dispensary,10210,Jbu4if6gtDp,MOH 731 On ART_10-14(M) HV03-030,3,3,2
Kenya,Nyeri County,Mathira East Sub County,Magutu Ward,Gatei Dispensary,QSBdWpfSrPb,Gatei Dispensary,10210,AQsTt7jtKbt,MOH 731 On ART_15-19 (F) HV03-033,3,2,2
Kenya,Nyeri County,Mathira East Sub County,Magutu Ward,Gatei Dispensary,QSBdWpfSrPb,Gatei Dispensary,10210,oOOnacUi9Jm,MOH 731 On ART_15-19(M) HV03-032,1,1,2
Kenya,Nyeri County,Mathira East Sub County,Magutu Ward,Gatei Dispensary,QSBdWpfSrPb,Gatei Dispensary,10210,EhZQp3PTA3C,MOH 731 On ART_20-24 (F) HV03-035,1,1,1
Kenya,Nyeri County,Mathira East Sub County,Magutu Ward,Gatei Dispensary,QSBdWpfSrPb,Gatei Dispensary,10210,e93GKJTHKAX,MOH 731 On ART_20-24(M) HV03-034,3,3,3
Kenya,Nyeri County,Mathira East Sub County,Magutu Ward,Gatei Dispensary,QSBdWpfSrPb,Gatei Dispensary,10210,yNCUlEYkmyA,MOH 731 On ART_25+ (F) HV03-037,103,100,105
Kenya,Nyeri County,Mathira East Sub County,Magutu Ward,Gatei Dispensary,QSBdWpfSrPb,Gatei Dispensary,10210,pR7VzBydoj3,MOH 731 On ART_25+(M) HV03-036,58,61,63
Kenya,Nyeri County,Nyeri South Sub County,Chinga Ward,Gichiche Health Centre,JWSHmk8XVoB,Gichiche Health Centre,10249,wbJOu4h2SSz,MOH 731 On ART_1-9 HV03-029,4,3,2
Kenya,Nyeri County,Nyeri South Sub County,Chinga Ward,Gichiche Health Centre,JWSHmk8XVoB,Gichiche Health Centre,10249,GSEmLUnrvzj,MOH 731 On ART_10-14 (F) HV03-031,,,1
Kenya,Nyeri County,Nyeri South Sub County,Chinga Ward,Gichiche Health Centre,JWSHmk8XVoB,Gichiche Health Centre,10249,Jbu4if6gtDp,MOH 731 On ART_10-14(M) HV03-030,3,3,2
Kenya,Nyeri County,Nyeri South Sub County,Chinga Ward,Gichiche Health Centre,JWSHmk8XVoB,Gichiche Health Centre,10249,AQsTt7jtKbt,MOH 731 On ART_15-19 (F) HV03-033,8,8,7
Kenya,Nyeri County,Nyeri South Sub County,Chinga Ward,Gichiche Health Centre,JWSHmk8XVoB,Gichiche Health Centre,10249,oOOnacUi9Jm,MOH 731 On ART_15-19(M) HV03-032,2,2,3
Kenya,Nyeri County,Nyeri South Sub County,Chinga Ward,Gichiche Health Centre,JWSHmk8XVoB,Gichiche Health Centre,10249,EhZQp3PTA3C,MOH 731 On ART_20-24 (F) HV03-035,4,5,6
Kenya,Nyeri County,Nyeri South Sub County,Chinga Ward,Gichiche Health Centre,JWSHmk8XVoB,Gichiche Health Centre,10249,e93GKJTHKAX,MOH 731 On ART_20-24(M) HV03-034,2,1,2
Kenya,Nyeri County,Nyeri South Sub County,Chinga Ward,Gichiche Health Centre,JWSHmk8XVoB,Gichiche Health Centre,10249,yNCUlEYkmyA,MOH 731 On ART_25+ (F) HV03-037,158,160,160
Kenya,Nyeri County,Nyeri South Sub County,Chinga Ward,Gichiche Health Centre,JWSHmk8XVoB,Gichiche Health Centre,10249,pR7VzBydoj3,MOH 731 On ART_25+(M) HV03-036,74,72,67
Kenya,Nyeri County,Tetu Sub County,Aguthi-gaaki Ward,Gichira Health Centre,suwoJuHlA2b,Gichira Health Centre,10251,wbJOu4h2SSz,MOH 731 On ART_1-9 HV03-029,4,4,4
Kenya,Nyeri County,Tetu Sub County,Aguthi-gaaki Ward,Gichira Health Centre,suwoJuHlA2b,Gichira Health Centre,10251,GSEmLUnrvzj,MOH 731 On ART_10-14 (F) HV03-031,5,4,3
Kenya,Nyeri County,Tetu Sub County,Aguthi-gaaki Ward,Gichira Health Centre,suwoJuHlA2b,Gichira Health Centre,10251,Jbu4if6gtDp,MOH 731 On ART_10-14(M) HV03-030,3,3,3
Kenya,Nyeri County,Tetu Sub County,Aguthi-gaaki Ward,Gichira Health Centre,suwoJuHlA2b,Gichira Health Centre,10251,AQsTt7jtKbt,MOH 731 On ART_15-19 (F) HV03-033,6,6,7
Kenya,Nyeri County,Tetu Sub County,Aguthi-gaaki Ward,Gichira Health Centre,suwoJuHlA2b,Gichira Health Centre,10251,oOOnacUi9Jm,MOH 731 On ART_15-19(M) HV03-032,5,5,5
Kenya,Nyeri County,Tetu Sub County,Aguthi-gaaki Ward,Gichira Health Centre,suwoJuHlA2b,Gichira Health Centre,10251,EhZQp3PTA3C,MOH 731 On ART_20-24 (F) HV03-035,10,9,7
Kenya,Nyeri County,Tetu Sub County,Aguthi-gaaki Ward,Gichira Health Centre,suwoJuHlA2b,Gichira Health Centre,10251,e93GKJTHKAX,MOH 731 On ART_20-24(M) HV03-034,4,4,4
Kenya,Nyeri County,Tetu Sub County,Aguthi-gaaki Ward,Gichira Health Centre,suwoJuHlA2b,Gichira Health Centre,10251,yNCUlEYkmyA,MOH 731 On ART_25+ (F) HV03-037,177,182,188
Kenya,Nyeri County,Tetu Sub County,Aguthi-gaaki Ward,Gichira Health Centre,suwoJuHlA2b,Gichira Health Centre,10251,pR7VzBydoj3,MOH 731 On ART_25+(M) HV03-036,93,97,95
Kenya,Nyeri County,Nyeri Central Sub County,Rware Ward,GK Prison Dispensary (Kingongo),yfWjbUihHoJ,GK Prison Dispensary (Kingongo),10286,oOOnacUi9Jm,MOH 731 On ART_15-19(M) HV03-032,,,2
Kenya,Nyeri County,Nyeri Central Sub County,Rware Ward,GK Prison Dispensary (Kingongo),yfWjbUihHoJ,GK Prison Dispensary (Kingongo),10286,EhZQp3PTA3C,MOH 731 On ART_20-24 (F) HV03-035,3,,1
Kenya,Nyeri County,Nyeri Central Sub County,Rware Ward,GK Prison Dispensary (Kingongo),yfWjbUihHoJ,GK Prison Dispensary (Kingongo),10286,e93GKJTHKAX,MOH 731 On ART_20-24(M) HV03-034,10,,3
Kenya,Nyeri County,Nyeri Central Sub County,Rware Ward,GK Prison Dispensary (Kingongo),yfWjbUihHoJ,GK Prison Dispensary (Kingongo),10286,yNCUlEYkmyA,MOH 731 On ART_25+ (F) HV03-037,8,,6
Kenya,Nyeri County,Nyeri Central Sub County,Rware Ward,GK Prison Dispensary (Kingongo),yfWjbUihHoJ,GK Prison Dispensary (Kingongo),10286,pR7VzBydoj3,MOH 731 On ART_25+(M) HV03-036,81,,80
Kenya,Nyeri County,Nyeri Central Sub County,Kamakwa/Mukaro Ward,Hoymas Medical Clinic,gI1M6tOngcz,Hoymas Medical Clinic,23993,EhZQp3PTA3C,MOH 731 On ART_20-24 (F) HV03-035,,,2
Kenya,Nyeri County,Nyeri Central Sub County,Kamakwa/Mukaro Ward,Hoymas Medical Clinic,gI1M6tOngcz,Hoymas Medical Clinic,23993,e93GKJTHKAX,MOH 731 On ART_20-24(M) HV03-034,,3,2
Kenya,Nyeri County,Nyeri Central Sub County,Kamakwa/Mukaro Ward,Hoymas Medical Clinic,gI1M6tOngcz,Hoymas Medical Clinic,23993,yNCUlEYkmyA,MOH 731 On ART_25+ (F) HV03-037,56,60,65
Kenya,Nyeri County,Nyeri Central Sub County,Kamakwa/Mukaro Ward,Hoymas Medical Clinic,gI1M6tOngcz,Hoymas Medical Clinic,23993,pR7VzBydoj3,MOH 731 On ART_25+(M) HV03-036,29,29,23
Kenya,Nyeri County,Tetu Sub County,Dedan Kimathi Ward,Ihururu Health Centre,gPrQghXBO2T,Ihururu Health Centre,10340,yNCUlEYkmyA,MOH 731 On ART_25+ (F) HV03-037,,4,3
Kenya,Nyeri County,Tetu Sub County,Dedan Kimathi Ward,Ihururu Health Centre,gPrQghXBO2T,Ihururu Health Centre,10340,pR7VzBydoj3,MOH 731 On ART_25+(M) HV03-036,,,1
Kenya,Nyeri County,Kieni East Sub County,Kabaru Ward,Island Farms Health Centre,FA8zVLtGdHQ,Island Farms Health Centre,10355,wbJOu4h2SSz,MOH 731 On ART_1-9 HV03-029,1,1,1
Kenya,Nyeri County,Kieni East Sub County,Kabaru Ward,Island Farms Health Centre,FA8zVLtGdHQ,Island Farms Health Centre,10355,GSEmLUnrvzj,MOH 731 On ART_10-14 (F) HV03-031,,,4
Kenya,Nyeri County,Kieni East Sub County,Kabaru Ward,Island Farms Health Centre,FA8zVLtGdHQ,Island Farms Health Centre,10355,Jbu4if6gtDp,MOH 731 On ART_10-14(M) HV03-030,4,4,
Kenya,Nyeri County,Kieni East Sub County,Kabaru Ward,Island Farms Health Centre,FA8zVLtGdHQ,Island Farms Health Centre,10355,AQsTt7jtKbt,MOH 731 On ART_15-19 (F) HV03-033,8,8,5
Kenya,Nyeri County,Kieni East Sub County,Kabaru Ward,Island Farms Health Centre,FA8zVLtGdHQ,Island Farms Health Centre,10355,oOOnacUi9Jm,MOH 731 On ART_15-19(M) HV03-032,5,5,6
Kenya,Nyeri County,Kieni East Sub County,Kabaru Ward,Island Farms Health Centre,FA8zVLtGdHQ,Island Farms Health Centre,10355,EhZQp3PTA3C,MOH 731 On ART_20-24 (F) HV03-035,6,6,
Kenya,Nyeri County,Kieni East Sub County,Kabaru Ward,Island Farms Health Centre,FA8zVLtGdHQ,Island Farms Health Centre,10355,e93GKJTHKAX,MOH 731 On ART_20-24(M) HV03-034,1,2,7
Kenya,Nyeri County,Kieni East Sub County,Kabaru Ward,Island Farms Health Centre,FA8zVLtGdHQ,Island Farms Health Centre,10355,yNCUlEYkmyA,MOH 731 On ART_25+ (F) HV03-037,84,84,84
Kenya,Nyeri County,Kieni East Sub County,Kabaru Ward,Island Farms Health Centre,FA8zVLtGdHQ,Island Farms Health Centre,10355,pR7VzBydoj3,MOH 731 On ART_25+(M) HV03-036,27,27,27
Kenya,Nyeri County,Mathira West Sub County,Ruguru Ward,Itiati Dispensary,GWyiedUwAyx,Itiati Dispensary,10360,wbJOu4h2SSz,MOH 731 On ART_1-9 HV03-029,2,2,2
Kenya,Nyeri County,Mathira West Sub County,Ruguru Ward,Itiati Dispensary,GWyiedUwAyx,Itiati Dispensary,10360,Jbu4if6gtDp,MOH 731 On ART_10-14(M) HV03-030,2,2,2
Kenya,Nyeri County,Mathira West Sub County,Ruguru Ward,Itiati Dispensary,GWyiedUwAyx,Itiati Dispensary,10360,AQsTt7jtKbt,MOH 731 On ART_15-19 (F) HV03-033,2,1,1
Kenya,Nyeri County,Mathira West Sub County,Ruguru Ward,Itiati Dispensary,GWyiedUwAyx,Itiati Dispensary,10360,oOOnacUi9Jm,MOH 731 On ART_15-19(M) HV03-032,1,1,2
Kenya,Nyeri County,Mathira West Sub County,Ruguru Ward,Itiati Dispensary,GWyiedUwAyx,Itiati Dispensary,10360,EhZQp3PTA3C,MOH 731 On ART_20-24 (F) HV03-035,1,2,3
Kenya,Nyeri County,Mathira West Sub County,Ruguru Ward,Itiati Dispensary,GWyiedUwAyx,Itiati Dispensary,10360,e93GKJTHKAX,MOH 731 On ART_20-24(M) HV03-034,2,2,1
Kenya,Nyeri County,Mathira West Sub County,Ruguru Ward,Itiati Dispensary,GWyiedUwAyx,Itiati Dispensary,10360,yNCUlEYkmyA,MOH 731 On ART_25+ (F) HV03-037,45,46,50
Kenya,Nyeri County,Mathira West Sub County,Ruguru Ward,Itiati Dispensary,GWyiedUwAyx,Itiati Dispensary,10360,pR7VzBydoj3,MOH 731 On ART_25+(M) HV03-036,10,14,15
Kenya,Nyeri County,Mathira East Sub County,Karatina Town Ward,Jamii Hospital,dZqf3vmMjm0,Jamii Hospital,10368,wbJOu4h2SSz,MOH 731 On ART_1-9 HV03-029,1,2,3
Kenya,Nyeri County,Mathira East Sub County,Karatina Town Ward,Jamii Hospital,dZqf3vmMjm0,Jamii Hospital,10368,Jbu4if6gtDp,MOH 731 On ART_10-14(M) HV03-030,1,1,1
Kenya,Nyeri County,Mathira East Sub County,Karatina Town Ward,Jamii Hospital,dZqf3vmMjm0,Jamii Hospital,10368,oOOnacUi9Jm,MOH 731 On ART_15-19(M) HV03-032,1,1,1
Kenya,Nyeri County,Mathira East Sub County,Karatina Town Ward,Jamii Hospital,dZqf3vmMjm0,Jamii Hospital,10368,EhZQp3PTA3C,MOH 731 On ART_20-24 (F) HV03-035,4,2,3
Kenya,Nyeri County,Mathira East Sub County,Karatina Town Ward,Jamii Hospital,dZqf3vmMjm0,Jamii Hospital,10368,e93GKJTHKAX,MOH 731 On ART_20-24(M) HV03-034,4,3,3
Kenya,Nyeri County,Mathira East Sub County,Karatina Town Ward,Jamii Hospital,dZqf3vmMjm0,Jamii Hospital,10368,yNCUlEYkmyA,MOH 731 On ART_25+ (F) HV03-037,139,142,144
Kenya,Nyeri County,Mathira East Sub County,Karatina Town Ward,Jamii Hospital,dZqf3vmMjm0,Jamii Hospital,10368,pR7VzBydoj3,MOH 731 On ART_25+(M) HV03-036,65,64,69
Kenya,Nyeri County,Mathira West Sub County,Kirimukuyu Ward,Kaiyaba Dispensary,d69tynUHL9A,Kaiyaba Dispensary,10435,AQsTt7jtKbt,MOH 731 On ART_15-19 (F) HV03-033,1,1,
Kenya,Nyeri County,Mathira West Sub County,Kirimukuyu Ward,Kaiyaba Dispensary,d69tynUHL9A,Kaiyaba Dispensary,10435,EhZQp3PTA3C,MOH 731 On ART_20-24 (F) HV03-035,,,1
Kenya,Nyeri County,Mathira West Sub County,Kirimukuyu Ward,Kaiyaba Dispensary,d69tynUHL9A,Kaiyaba Dispensary,10435,yNCUlEYkmyA,MOH 731 On ART_25+ (F) HV03-037,2,3,4
Kenya,Nyeri County,Nyeri South Sub County,Mahiga Ward,Kamoko Health Centre,ihrau4rSsJu,Kamoko Health Centre,10450,EhZQp3PTA3C,MOH 731 On ART_20-24 (F) HV03-035,1,,
Kenya,Nyeri County,Nyeri South Sub County,Mahiga Ward,Kamoko Health Centre,ihrau4rSsJu,Kamoko Health Centre,10450,yNCUlEYkmyA,MOH 731 On ART_25+ (F) HV03-037,6,4,2
Kenya,Nyeri County,Mukurweini Sub County,Gikondi Ward,Karaba Health Centre (Nyeri South),S1eRslqZB2s,Karaba Health Centre (Nyeri South),10476,wbJOu4h2SSz,MOH 731 On ART_1-9 HV03-029,2,1,2
Kenya,Nyeri County,Mukurweini Sub County,Gikondi Ward,Karaba Health Centre (Nyeri South),S1eRslqZB2s,Karaba Health Centre (Nyeri South),10476,GSEmLUnrvzj,MOH 731 On ART_10-14 (F) HV03-031,2,1,2
Kenya,Nyeri County,Mukurweini Sub County,Gikondi Ward,Karaba Health Centre (Nyeri South),S1eRslqZB2s,Karaba Health Centre (Nyeri South),10476,Jbu4if6gtDp,MOH 731 On ART_10-14(M) HV03-030,2,2,2
Kenya,Nyeri County,Mukurweini Sub County,Gikondi Ward,Karaba Health Centre (Nyeri South),S1eRslqZB2s,Karaba Health Centre (Nyeri South),10476,AQsTt7jtKbt,MOH 731 On ART_15-19 (F) HV03-033,1,1,1
Kenya,Nyeri County,Mukurweini Sub County,Gikondi Ward,Karaba Health Centre (Nyeri South),S1eRslqZB2s,Karaba Health Centre (Nyeri South),10476,oOOnacUi9Jm,MOH 731 On ART_15-19(M) HV03-032,2,3,3
Kenya,Nyeri County,Mukurweini Sub County,Gikondi Ward,Karaba Health Centre (Nyeri South),S1eRslqZB2s,Karaba Health Centre (Nyeri South),10476,EhZQp3PTA3C,MOH 731 On ART_20-24 (F) HV03-035,5,5,4
Kenya,Nyeri County,Mukurweini Sub County,Gikondi Ward,Karaba Health Centre (Nyeri South),S1eRslqZB2s,Karaba Health Centre (Nyeri South),10476,e93GKJTHKAX,MOH 731 On ART_20-24(M) HV03-034,2,1,2
Kenya,Nyeri County,Mukurweini Sub County,Gikondi Ward,Karaba Health Centre (Nyeri South),S1eRslqZB2s,Karaba Health Centre (Nyeri South),10476,yNCUlEYkmyA,MOH 731 On ART_25+ (F) HV03-037,67,66,67
Kenya,Nyeri County,Mukurweini Sub County,Gikondi Ward,Karaba Health Centre (Nyeri South),S1eRslqZB2s,Karaba Health Centre (Nyeri South),10476,pR7VzBydoj3,MOH 731 On ART_25+(M) HV03-036,43,44,45
Kenya,Nyeri County,Mathira East Sub County,Karatina Town Ward,Karatina District Hospital,bLeCBUFM3wP,Karatina District Hospital,10485,SJL4k6Gl53C,MOH 731 On ART_<1 HV03-028,1,1,
Kenya,Nyeri County,Mathira East Sub County,Karatina Town Ward,Karatina District Hospital,bLeCBUFM3wP,Karatina District Hospital,10485,wbJOu4h2SSz,MOH 731 On ART_1-9 HV03-029,25,27,27
Kenya,Nyeri County,Mathira East Sub County,Karatina Town Ward,Karatina District Hospital,bLeCBUFM3wP,Karatina District Hospital,10485,GSEmLUnrvzj,MOH 731 On ART_10-14 (F) HV03-031,15,17,17
Kenya,Nyeri County,Mathira East Sub County,Karatina Town Ward,Karatina District Hospital,bLeCBUFM3wP,Karatina District Hospital,10485,Jbu4if6gtDp,MOH 731 On ART_10-14(M) HV03-030,21,21,19
Kenya,Nyeri County,Mathira East Sub County,Karatina Town Ward,Karatina District Hospital,bLeCBUFM3wP,Karatina District Hospital,10485,AQsTt7jtKbt,MOH 731 On ART_15-19 (F) HV03-033,49,47,40
Kenya,Nyeri County,Mathira East Sub County,Karatina Town Ward,Karatina District Hospital,bLeCBUFM3wP,Karatina District Hospital,10485,oOOnacUi9Jm,MOH 731 On ART_15-19(M) HV03-032,54,59,55
Kenya,Nyeri County,Mathira East Sub County,Karatina Town Ward,Karatina District Hospital,bLeCBUFM3wP,Karatina District Hospital,10485,EhZQp3PTA3C,MOH 731 On ART_20-24 (F) HV03-035,61,60,60
Kenya,Nyeri County,Mathira East Sub County,Karatina Town Ward,Karatina District Hospital,bLeCBUFM3wP,Karatina District Hospital,10485,e93GKJTHKAX,MOH 731 On ART_20-24(M) HV03-034,45,44,49
Kenya,Nyeri County,Mathira East Sub County,Karatina Town Ward,Karatina District Hospital,bLeCBUFM3wP,Karatina District Hospital,10485,yNCUlEYkmyA,MOH 731 On ART_25+ (F) HV03-037,1620,1653,1650
Kenya,Nyeri County,Mathira East Sub County,Karatina Town Ward,Karatina District Hospital,bLeCBUFM3wP,Karatina District Hospital,10485,pR7VzBydoj3,MOH 731 On ART_25+(M) HV03-036,786,796,800
Kenya,Nyeri County,Kieni West Sub County,Mugunda Ward,Karemeno Health Centre,p6UH78HVmTF,Karemeno Health Centre,10490,wbJOu4h2SSz,MOH 731 On ART_1-9 HV03-029,1,1,1
Kenya,Nyeri County,Kieni West Sub County,Mugunda Ward,Karemeno Health Centre,p6UH78HVmTF,Karemeno Health Centre,10490,AQsTt7jtKbt,MOH 731 On ART_15-19 (F) HV03-033,3,3,3
Kenya,Nyeri County,Kieni West Sub County,Mugunda Ward,Karemeno Health Centre,p6UH78HVmTF,Karemeno Health Centre,10490,EhZQp3PTA3C,MOH 731 On ART_20-24 (F) HV03-035,3,3,2
Kenya,Nyeri County,Kieni West Sub County,Mugunda Ward,Karemeno Health Centre,p6UH78HVmTF,Karemeno Health Centre,10490,e93GKJTHKAX,MOH 731 On ART_20-24(M) HV03-034,2,3,2
Kenya,Nyeri County,Kieni West Sub County,Mugunda Ward,Karemeno Health Centre,p6UH78HVmTF,Karemeno Health Centre,10490,yNCUlEYkmyA,MOH 731 On ART_25+ (F) HV03-037,66,67,70
Kenya,Nyeri County,Kieni West Sub County,Mugunda Ward,Karemeno Health Centre,p6UH78HVmTF,Karemeno Health Centre,10490,pR7VzBydoj3,MOH 731 On ART_25+(M) HV03-036,25,25,25
Kenya,Nyeri County,Nyeri Central Sub County,Kiganjo/Mathari Ward,Kenya Police College Dispensary,d78UcfovIJh,Kenya Police College Dispensary,10517,yNCUlEYkmyA,MOH 731 On ART_25+ (F) HV03-037,,3,5
Kenya,Nyeri County,Nyeri Central Sub County,Kiganjo/Mathari Ward,Kenya Police College Dispensary,d78UcfovIJh,Kenya Police College Dispensary,10517,pR7VzBydoj3,MOH 731 On ART_25+(M) HV03-036,,4,4
Kenya,Nyeri County,Mathira East Sub County,Konyu Ward,Kiamabara Health Centre,fyiHrh4tOpQ,Kiamabara Health Centre,10530,wbJOu4h2SSz,MOH 731 On ART_1-9 HV03-029,1,2,2
Kenya,Nyeri County,Mathira East Sub County,Konyu Ward,Kiamabara Health Centre,fyiHrh4tOpQ,Kiamabara Health Centre,10530,GSEmLUnrvzj,MOH 731 On ART_10-14 (F) HV03-031,1,1,1
Kenya,Nyeri County,Mathira East Sub County,Konyu Ward,Kiamabara Health Centre,fyiHrh4tOpQ,Kiamabara Health Centre,10530,Jbu4if6gtDp,MOH 731 On ART_10-14(M) HV03-030,4,4,3
Kenya,Nyeri County,Mathira East Sub County,Konyu Ward,Kiamabara Health Centre,fyiHrh4tOpQ,Kiamabara Health Centre,10530,AQsTt7jtKbt,MOH 731 On ART_15-19 (F) HV03-033,4,4,3
Kenya,Nyeri County,Mathira East Sub County,Konyu Ward,Kiamabara Health Centre,fyiHrh4tOpQ,Kiamabara Health Centre,10530,oOOnacUi9Jm,MOH 731 On ART_15-19(M) HV03-032,,,1
Kenya,Nyeri County,Mathira East Sub County,Konyu Ward,Kiamabara Health Centre,fyiHrh4tOpQ,Kiamabara Health Centre,10530,e93GKJTHKAX,MOH 731 On ART_20-24(M) HV03-034,2,2,2
Kenya,Nyeri County,Mathira East Sub County,Konyu Ward,Kiamabara Health Centre,fyiHrh4tOpQ,Kiamabara Health Centre,10530,yNCUlEYkmyA,MOH 731 On ART_25+ (F) HV03-037,77,79,43
Kenya,Nyeri County,Mathira East Sub County,Konyu Ward,Kiamabara Health Centre,fyiHrh4tOpQ,Kiamabara Health Centre,10530,pR7VzBydoj3,MOH 731 On ART_25+(M) HV03-036,45,46,77
Kenya,Nyeri County,Nyeri Central Sub County,Kiganjo/Mathari Ward,Kiganjo Health Centre,F7WS5lx7cG9,Kiganjo Health Centre,10582,wbJOu4h2SSz,MOH 731 On ART_1-9 HV03-029,1,1,1
Kenya,Nyeri County,Nyeri Central Sub County,Kiganjo/Mathari Ward,Kiganjo Health Centre,F7WS5lx7cG9,Kiganjo Health Centre,10582,Jbu4if6gtDp,MOH 731 On ART_10-14(M) HV03-030,4,4,3
Kenya,Nyeri County,Nyeri Central Sub County,Kiganjo/Mathari Ward,Kiganjo Health Centre,F7WS5lx7cG9,Kiganjo Health Centre,10582,AQsTt7jtKbt,MOH 731 On ART_15-19 (F) HV03-033,5,4,4
Kenya,Nyeri County,Nyeri Central Sub County,Kiganjo/Mathari Ward,Kiganjo Health Centre,F7WS5lx7cG9,Kiganjo Health Centre,10582,oOOnacUi9Jm,MOH 731 On ART_15-19(M) HV03-032,3,3,4
Kenya,Nyeri County,Nyeri Central Sub County,Kiganjo/Mathari Ward,Kiganjo Health Centre,F7WS5lx7cG9,Kiganjo Health Centre,10582,EhZQp3PTA3C,MOH 731 On ART_20-24 (F) HV03-035,11,12,10
Kenya,Nyeri County,Nyeri Central Sub County,Kiganjo/Mathari Ward,Kiganjo Health Centre,F7WS5lx7cG9,Kiganjo Health Centre,10582,e93GKJTHKAX,MOH 731 On ART_20-24(M) HV03-034,4,4,4
Kenya,Nyeri County,Nyeri Central Sub County,Kiganjo/Mathari Ward,Kiganjo Health Centre,F7WS5lx7cG9,Kiganjo Health Centre,10582,yNCUlEYkmyA,MOH 731 On ART_25+ (F) HV03-037,274,283,275
Kenya,Nyeri County,Nyeri Central Sub County,Kiganjo/Mathari Ward,Kiganjo Health Centre,F7WS5lx7cG9,Kiganjo Health Centre,10582,pR7VzBydoj3,MOH 731 On ART_25+(M) HV03-036,147,148,143
Kenya,Nyeri County,Nyeri Central Sub County,Kamakwa/Mukaro Ward,Kinunga Health Centre,IRISH2C3Boa,Kinunga Health Centre,10615,wbJOu4h2SSz,MOH 731 On ART_1-9 HV03-029,,1,
Kenya,Nyeri County,Nyeri Central Sub County,Kamakwa/Mukaro Ward,Kinunga Health Centre,IRISH2C3Boa,Kinunga Health Centre,10615,GSEmLUnrvzj,MOH 731 On ART_10-14 (F) HV03-031,,,1
Kenya,Nyeri County,Nyeri Central Sub County,Kamakwa/Mukaro Ward,Kinunga Health Centre,IRISH2C3Boa,Kinunga Health Centre,10615,Jbu4if6gtDp,MOH 731 On ART_10-14(M) HV03-030,,1,1
Kenya,Nyeri County,Nyeri Central Sub County,Kamakwa/Mukaro Ward,Kinunga Health Centre,IRISH2C3Boa,Kinunga Health Centre,10615,AQsTt7jtKbt,MOH 731 On ART_15-19 (F) HV03-033,1,1,1
Kenya,Nyeri County,Nyeri Central Sub County,Kamakwa/Mukaro Ward,Kinunga Health Centre,IRISH2C3Boa,Kinunga Health Centre,10615,EhZQp3PTA3C,MOH 731 On ART_20-24 (F) HV03-035,1,,
Kenya,Nyeri County,Nyeri Central Sub County,Kamakwa/Mukaro Ward,Kinunga Health Centre,IRISH2C3Boa,Kinunga Health Centre,10615,e93GKJTHKAX,MOH 731 On ART_20-24(M) HV03-034,,,1
Kenya,Nyeri County,Nyeri Central Sub County,Kamakwa/Mukaro Ward,Kinunga Health Centre,IRISH2C3Boa,Kinunga Health Centre,10615,yNCUlEYkmyA,MOH 731 On ART_25+ (F) HV03-037,55,58,55
Kenya,Nyeri County,Nyeri Central Sub County,Kamakwa/Mukaro Ward,Kinunga Health Centre,IRISH2C3Boa,Kinunga Health Centre,10615,pR7VzBydoj3,MOH 731 On ART_25+(M) HV03-036,19,19,20
Kenya,Nyeri County,Kieni West Sub County,Mweiga Ward,Mary Immaculate Hospital (Nyeri North),gQOARcEQVeO,Mary Immaculate Hospital (Nyeri North),10700,wbJOu4h2SSz,MOH 731 On ART_1-9 HV03-029,3,3,3
Kenya,Nyeri County,Kieni West Sub County,Mweiga Ward,Mary Immaculate Hospital (Nyeri North),gQOARcEQVeO,Mary Immaculate Hospital (Nyeri North),10700,GSEmLUnrvzj,MOH 731 On ART_10-14 (F) HV03-031,1,1,1
Kenya,Nyeri County,Kieni West Sub County,Mweiga Ward,Mary Immaculate Hospital (Nyeri North),gQOARcEQVeO,Mary Immaculate Hospital (Nyeri North),10700,Jbu4if6gtDp,MOH 731 On ART_10-14(M) HV03-030,1,1,1
Kenya,Nyeri County,Kieni West Sub County,Mweiga Ward,Mary Immaculate Hospital (Nyeri North),gQOARcEQVeO,Mary Immaculate Hospital (Nyeri North),10700,AQsTt7jtKbt,MOH 731 On ART_15-19 (F) HV03-033,6,6,5
Kenya,Nyeri County,Kieni West Sub County,Mweiga Ward,Mary Immaculate Hospital (Nyeri North),gQOARcEQVeO,Mary Immaculate Hospital (Nyeri North),10700,oOOnacUi9Jm,MOH 731 On ART_15-19(M) HV03-032,6,5,5
Kenya,Nyeri County,Kieni West Sub County,Mweiga Ward,Mary Immaculate Hospital (Nyeri North),gQOARcEQVeO,Mary Immaculate Hospital (Nyeri North),10700,EhZQp3PTA3C,MOH 731 On ART_20-24 (F) HV03-035,6,6,7
Kenya,Nyeri County,Kieni West Sub County,Mweiga Ward,Mary Immaculate Hospital (Nyeri North),gQOARcEQVeO,Mary Immaculate Hospital (Nyeri North),10700,e93GKJTHKAX,MOH 731 On ART_20-24(M) HV03-034,4,3,3
Kenya,Nyeri County,Kieni West Sub County,Mweiga Ward,Mary Immaculate Hospital (Nyeri North),gQOARcEQVeO,Mary Immaculate Hospital (Nyeri North),10700,yNCUlEYkmyA,MOH 731 On ART_25+ (F) HV03-037,235,242,246
Kenya,Nyeri County,Kieni West Sub County,Mweiga Ward,Mary Immaculate Hospital (Nyeri North),gQOARcEQVeO,Mary Immaculate Hospital (Nyeri North),10700,pR7VzBydoj3,MOH 731 On ART_25+(M) HV03-036,106,108,107
Kenya,Nyeri County,Kieni West Sub County,Mugunda Ward,Mother Elizabeth Mugunda Dispensary,PkV1xXi0vse,Mother Elizabeth Mugunda Dispensary,10750,wbJOu4h2SSz,MOH 731 On ART_1-9 HV03-029,4,4,4
Kenya,Nyeri County,Kieni West Sub County,Mugunda Ward,Mother Elizabeth Mugunda Dispensary,PkV1xXi0vse,Mother Elizabeth Mugunda Dispensary,10750,GSEmLUnrvzj,MOH 731 On ART_10-14 (F) HV03-031,7,7,7
Kenya,Nyeri County,Kieni West Sub County,Mugunda Ward,Mother Elizabeth Mugunda Dispensary,PkV1xXi0vse,Mother Elizabeth Mugunda Dispensary,10750,Jbu4if6gtDp,MOH 731 On ART_10-14(M) HV03-030,8,8,7
Kenya,Nyeri County,Kieni West Sub County,Mugunda Ward,Mother Elizabeth Mugunda Dispensary,PkV1xXi0vse,Mother Elizabeth Mugunda Dispensary,10750,AQsTt7jtKbt,MOH 731 On ART_15-19 (F) HV03-033,13,11,10
Kenya,Nyeri County,Kieni West Sub County,Mugunda Ward,Mother Elizabeth Mugunda Dispensary,PkV1xXi0vse,Mother Elizabeth Mugunda Dispensary,10750,oOOnacUi9Jm,MOH 731 On ART_15-19(M) HV03-032,10,11,11
Kenya,Nyeri County,Kieni West Sub County,Mugunda Ward,Mother Elizabeth Mugunda Dispensary,PkV1xXi0vse,Mother Elizabeth Mugunda Dispensary,10750,EhZQp3PTA3C,MOH 731 On ART_20-24 (F) HV03-035,13,16,16
Kenya,Nyeri County,Kieni West Sub County,Mugunda Ward,Mother Elizabeth Mugunda Dispensary,PkV1xXi0vse,Mother Elizabeth Mugunda Dispensary,10750,e93GKJTHKAX,MOH 731 On ART_20-24(M) HV03-034,6,5,7
Kenya,Nyeri County,Kieni West Sub County,Mugunda Ward,Mother Elizabeth Mugunda Dispensary,PkV1xXi0vse,Mother Elizabeth Mugunda Dispensary,10750,yNCUlEYkmyA,MOH 731 On ART_25+ (F) HV03-037,223,225,228
Kenya,Nyeri County,Kieni West Sub County,Mugunda Ward,Mother Elizabeth Mugunda Dispensary,PkV1xXi0vse,Mother Elizabeth Mugunda Dispensary,10750,pR7VzBydoj3,MOH 731 On ART_25+(M) HV03-036,95,96,99
Kenya,Nyeri County,Nyeri Central Sub County,Kamakwa/Mukaro Ward,Mt Kenya Sub County Hospital,mdMk0zMyY5Y,Mt Kenya Sub County Hospital,10739,wbJOu4h2SSz,MOH 731 On ART_1-9 HV03-029,4,4,4
Kenya,Nyeri County,Nyeri Central Sub County,Kamakwa/Mukaro Ward,Mt Kenya Sub County Hospital,mdMk0zMyY5Y,Mt Kenya Sub County Hospital,10739,GSEmLUnrvzj,MOH 731 On ART_10-14 (F) HV03-031,6,6,6
Kenya,Nyeri County,Nyeri Central Sub County,Kamakwa/Mukaro Ward,Mt Kenya Sub County Hospital,mdMk0zMyY5Y,Mt Kenya Sub County Hospital,10739,Jbu4if6gtDp,MOH 731 On ART_10-14(M) HV03-030,3,2,2
Kenya,Nyeri County,Nyeri Central Sub County,Kamakwa/Mukaro Ward,Mt Kenya Sub County Hospital,mdMk0zMyY5Y,Mt Kenya Sub County Hospital,10739,AQsTt7jtKbt,MOH 731 On ART_15-19 (F) HV03-033,8,7,7
Kenya,Nyeri County,Nyeri Central Sub County,Kamakwa/Mukaro Ward,Mt Kenya Sub County Hospital,mdMk0zMyY5Y,Mt Kenya Sub County Hospital,10739,oOOnacUi9Jm,MOH 731 On ART_15-19(M) HV03-032,17,15,13
Kenya,Nyeri County,Nyeri Central Sub County,Kamakwa/Mukaro Ward,Mt Kenya Sub County Hospital,mdMk0zMyY5Y,Mt Kenya Sub County Hospital,10739,EhZQp3PTA3C,MOH 731 On ART_20-24 (F) HV03-035,8,18,13
Kenya,Nyeri County,Nyeri Central Sub County,Kamakwa/Mukaro Ward,Mt Kenya Sub County Hospital,mdMk0zMyY5Y,Mt Kenya Sub County Hospital,10739,e93GKJTHKAX,MOH 731 On ART_20-24(M) HV03-034,17,,19
Kenya,Nyeri County,Nyeri Central Sub County,Kamakwa/Mukaro Ward,Mt Kenya Sub County Hospital,mdMk0zMyY5Y,Mt Kenya Sub County Hospital,10739,yNCUlEYkmyA,MOH 731 On ART_25+ (F) HV03-037,605,601,612
Kenya,Nyeri County,Nyeri Central Sub County,Kamakwa/Mukaro Ward,Mt Kenya Sub County Hospital,mdMk0zMyY5Y,Mt Kenya Sub County Hospital,10739,pR7VzBydoj3,MOH 731 On ART_25+(M) HV03-036,253,21,248
Kenya,Nyeri County,Mukurweini Sub County,Mukurwe-ini Central Ward,Mukurweini Sub-county Hospital,hBqir19pkDS,Mukurweini Sub-county Hospital,10763,wbJOu4h2SSz,MOH 731 On ART_1-9 HV03-029,7,6,6
Kenya,Nyeri County,Mukurweini Sub County,Mukurwe-ini Central Ward,Mukurweini Sub-county Hospital,hBqir19pkDS,Mukurweini Sub-county Hospital,10763,GSEmLUnrvzj,MOH 731 On ART_10-14 (F) HV03-031,9,9,8
Kenya,Nyeri County,Mukurweini Sub County,Mukurwe-ini Central Ward,Mukurweini Sub-county Hospital,hBqir19pkDS,Mukurweini Sub-county Hospital,10763,Jbu4if6gtDp,MOH 731 On ART_10-14(M) HV03-030,9,8,6
Kenya,Nyeri County,Mukurweini Sub County,Mukurwe-ini Central Ward,Mukurweini Sub-county Hospital,hBqir19pkDS,Mukurweini Sub-county Hospital,10763,AQsTt7jtKbt,MOH 731 On ART_15-19 (F) HV03-033,19,19,18
Kenya,Nyeri County,Mukurweini Sub County,Mukurwe-ini Central Ward,Mukurweini Sub-county Hospital,hBqir19pkDS,Mukurweini Sub-county Hospital,10763,oOOnacUi9Jm,MOH 731 On ART_15-19(M) HV03-032,25,26,26
Kenya,Nyeri County,Mukurweini Sub County,Mukurwe-ini Central Ward,Mukurweini Sub-county Hospital,hBqir19pkDS,Mukurweini Sub-county Hospital,10763,EhZQp3PTA3C,MOH 731 On ART_20-24 (F) HV03-035,22,20,23
Kenya,Nyeri County,Mukurweini Sub County,Mukurwe-ini Central Ward,Mukurweini Sub-county Hospital,hBqir19pkDS,Mukurweini Sub-county Hospital,10763,e93GKJTHKAX,MOH 731 On ART_20-24(M) HV03-034,16,16,16
Kenya,Nyeri County,Mukurweini Sub County,Mukurwe-ini Central Ward,Mukurweini Sub-county Hospital,hBqir19pkDS,Mukurweini Sub-county Hospital,10763,yNCUlEYkmyA,MOH 731 On ART_25+ (F) HV03-037,676,678,683
Kenya,Nyeri County,Mukurweini Sub County,Mukurwe-ini Central Ward,Mukurweini Sub-county Hospital,hBqir19pkDS,Mukurweini Sub-county Hospital,10763,pR7VzBydoj3,MOH 731 On ART_25+(M) HV03-036,311,316,311
Kenya,Nyeri County,Kieni West Sub County,Mweiga Ward,Mweiga Health Centre,cfROZdjYJFC,Mweiga Health Centre,10809,SJL4k6Gl53C,MOH 731 On ART_<1 HV03-028,,,1
Kenya,Nyeri County,Kieni West Sub County,Mweiga Ward,Mweiga Health Centre,cfROZdjYJFC,Mweiga Health Centre,10809,wbJOu4h2SSz,MOH 731 On ART_1-9 HV03-029,9,9,8
Kenya,Nyeri County,Kieni West Sub County,Mweiga Ward,Mweiga Health Centre,cfROZdjYJFC,Mweiga Health Centre,10809,GSEmLUnrvzj,MOH 731 On ART_10-14 (F) HV03-031,2,2,2
Kenya,Nyeri County,Kieni West Sub County,Mweiga Ward,Mweiga Health Centre,cfROZdjYJFC,Mweiga Health Centre,10809,Jbu4if6gtDp,MOH 731 On ART_10-14(M) HV03-030,5,5,4
Kenya,Nyeri County,Kieni West Sub County,Mweiga Ward,Mweiga Health Centre,cfROZdjYJFC,Mweiga Health Centre,10809,AQsTt7jtKbt,MOH 731 On ART_15-19 (F) HV03-033,4,3,3
Kenya,Nyeri County,Kieni West Sub County,Mweiga Ward,Mweiga Health Centre,cfROZdjYJFC,Mweiga Health Centre,10809,oOOnacUi9Jm,MOH 731 On ART_15-19(M) HV03-032,4,4,5
Kenya,Nyeri County,Kieni West Sub County,Mweiga Ward,Mweiga Health Centre,cfROZdjYJFC,Mweiga Health Centre,10809,EhZQp3PTA3C,MOH 731 On ART_20-24 (F) HV03-035,4,4,4
Kenya,Nyeri County,Kieni West Sub County,Mweiga Ward,Mweiga Health Centre,cfROZdjYJFC,Mweiga Health Centre,10809,e93GKJTHKAX,MOH 731 On ART_20-24(M) HV03-034,3,4,3
Kenya,Nyeri County,Kieni West Sub County,Mweiga Ward,Mweiga Health Centre,cfROZdjYJFC,Mweiga Health Centre,10809,yNCUlEYkmyA,MOH 731 On ART_25+ (F) HV03-037,166,170,172
Kenya,Nyeri County,Kieni West Sub County,Mweiga Ward,Mweiga Health Centre,cfROZdjYJFC,Mweiga Health Centre,10809,pR7VzBydoj3,MOH 731 On ART_25+(M) HV03-036,81,83,84
Kenya,Nyeri County,Kieni East Sub County,Naromoru/Kiamathaga Ward,Naromoru Health Centre,gz6H3xfyKgn,Naromoru Health Centre,10822,wbJOu4h2SSz,MOH 731 On ART_1-9 HV03-029,14,13,12
Kenya,Nyeri County,Kieni East Sub County,Naromoru/Kiamathaga Ward,Naromoru Health Centre,gz6H3xfyKgn,Naromoru Health Centre,10822,GSEmLUnrvzj,MOH 731 On ART_10-14 (F) HV03-031,11,10,9
Kenya,Nyeri County,Kieni East Sub County,Naromoru/Kiamathaga Ward,Naromoru Health Centre,gz6H3xfyKgn,Naromoru Health Centre,10822,Jbu4if6gtDp,MOH 731 On ART_10-14(M) HV03-030,9,9,6
Kenya,Nyeri County,Kieni East Sub County,Naromoru/Kiamathaga Ward,Naromoru Health Centre,gz6H3xfyKgn,Naromoru Health Centre,10822,AQsTt7jtKbt,MOH 731 On ART_15-19 (F) HV03-033,9,10,11
Kenya,Nyeri County,Kieni East Sub County,Naromoru/Kiamathaga Ward,Naromoru Health Centre,gz6H3xfyKgn,Naromoru Health Centre,10822,oOOnacUi9Jm,MOH 731 On ART_15-19(M) HV03-032,14,13,16
Kenya,Nyeri County,Kieni East Sub County,Naromoru/Kiamathaga Ward,Naromoru Health Centre,gz6H3xfyKgn,Naromoru Health Centre,10822,EhZQp3PTA3C,MOH 731 On ART_20-24 (F) HV03-035,22,22,17
Kenya,Nyeri County,Kieni East Sub County,Naromoru/Kiamathaga Ward,Naromoru Health Centre,gz6H3xfyKgn,Naromoru Health Centre,10822,e93GKJTHKAX,MOH 731 On ART_20-24(M) HV03-034,11,10,11
Kenya,Nyeri County,Kieni East Sub County,Naromoru/Kiamathaga Ward,Naromoru Health Centre,gz6H3xfyKgn,Naromoru Health Centre,10822,yNCUlEYkmyA,MOH 731 On ART_25+ (F) HV03-037,550,551,554
Kenya,Nyeri County,Kieni East Sub County,Naromoru/Kiamathaga Ward,Naromoru Health Centre,gz6H3xfyKgn,Naromoru Health Centre,10822,pR7VzBydoj3,MOH 731 On ART_25+(M) HV03-036,238,223,235
Kenya,Nyeri County,Kieni East Sub County,Naromoru/Kiamathaga Ward,Narumoru Catholic Dispensary,t0urLsXfeXM,Narumoru Catholic Dispensary,16816,wbJOu4h2SSz,MOH 731 On ART_1-9 HV03-029,3,2,2
Kenya,Nyeri County,Kieni East Sub County,Naromoru/Kiamathaga Ward,Narumoru Catholic Dispensary,t0urLsXfeXM,Narumoru Catholic Dispensary,16816,GSEmLUnrvzj,MOH 731 On ART_10-14 (F) HV03-031,1,1,3
Kenya,Nyeri County,Kieni East Sub County,Naromoru/Kiamathaga Ward,Narumoru Catholic Dispensary,t0urLsXfeXM,Narumoru Catholic Dispensary,16816,Jbu4if6gtDp,MOH 731 On ART_10-14(M) HV03-030,6,6,6
Kenya,Nyeri County,Kieni East Sub County,Naromoru/Kiamathaga Ward,Narumoru Catholic Dispensary,t0urLsXfeXM,Narumoru Catholic Dispensary,16816,AQsTt7jtKbt,MOH 731 On ART_15-19 (F) HV03-033,3,3,3
Kenya,Nyeri County,Kieni East Sub County,Naromoru/Kiamathaga Ward,Narumoru Catholic Dispensary,t0urLsXfeXM,Narumoru Catholic Dispensary,16816,oOOnacUi9Jm,MOH 731 On ART_15-19(M) HV03-032,14,14,11
Kenya,Nyeri County,Kieni East Sub County,Naromoru/Kiamathaga Ward,Narumoru Catholic Dispensary,t0urLsXfeXM,Narumoru Catholic Dispensary,16816,EhZQp3PTA3C,MOH 731 On ART_20-24 (F) HV03-035,7,7,7
Kenya,Nyeri County,Kieni East Sub County,Naromoru/Kiamathaga Ward,Narumoru Catholic Dispensary,t0urLsXfeXM,Narumoru Catholic Dispensary,16816,e93GKJTHKAX,MOH 731 On ART_20-24(M) HV03-034,3,3,6
Kenya,Nyeri County,Kieni East Sub County,Naromoru/Kiamathaga Ward,Narumoru Catholic Dispensary,t0urLsXfeXM,Narumoru Catholic Dispensary,16816,yNCUlEYkmyA,MOH 731 On ART_25+ (F) HV03-037,240,237,247
Kenya,Nyeri County,Kieni East Sub County,Naromoru/Kiamathaga Ward,Narumoru Catholic Dispensary,t0urLsXfeXM,Narumoru Catholic Dispensary,16816,pR7VzBydoj3,MOH 731 On ART_25+(M) HV03-036,91,90,93
Kenya,Nyeri County,Mathira West Sub County,Ruguru Ward,Ngorano Health Centre,chpI9P5qCVq,Ngorano Health Centre,10870,wbJOu4h2SSz,MOH 731 On ART_1-9 HV03-029,2,2,2
Kenya,Nyeri County,Mathira West Sub County,Ruguru Ward,Ngorano Health Centre,chpI9P5qCVq,Ngorano Health Centre,10870,Jbu4if6gtDp,MOH 731 On ART_10-14(M) HV03-030,1,1,
Kenya,Nyeri County,Mathira West Sub County,Ruguru Ward,Ngorano Health Centre,chpI9P5qCVq,Ngorano Health Centre,10870,AQsTt7jtKbt,MOH 731 On ART_15-19 (F) HV03-033,2,3,3
Kenya,Nyeri County,Mathira West Sub County,Ruguru Ward,Ngorano Health Centre,chpI9P5qCVq,Ngorano Health Centre,10870,oOOnacUi9Jm,MOH 731 On ART_15-19(M) HV03-032,7,7,6
Kenya,Nyeri County,Mathira West Sub County,Ruguru Ward,Ngorano Health Centre,chpI9P5qCVq,Ngorano Health Centre,10870,EhZQp3PTA3C,MOH 731 On ART_20-24 (F) HV03-035,4,2,2
Kenya,Nyeri County,Mathira West Sub County,Ruguru Ward,Ngorano Health Centre,chpI9P5qCVq,Ngorano Health Centre,10870,e93GKJTHKAX,MOH 731 On ART_20-24(M) HV03-034,,,2
Kenya,Nyeri County,Mathira West Sub County,Ruguru Ward,Ngorano Health Centre,chpI9P5qCVq,Ngorano Health Centre,10870,yNCUlEYkmyA,MOH 731 On ART_25+ (F) HV03-037,93,90,86
Kenya,Nyeri County,Mathira West Sub County,Ruguru Ward,Ngorano Health Centre,chpI9P5qCVq,Ngorano Health Centre,10870,pR7VzBydoj3,MOH 731 On ART_25+(M) HV03-036,65,60,59
Kenya,Nyeri County,Mukurweini Sub County,Mukurwe-ini West Ward,Njoki Dispensary,j4p5DgjNa7v,Njoki Dispensary,10884,Jbu4if6gtDp,MOH 731 On ART_10-14(M) HV03-030,2,2,
Kenya,Nyeri County,Mukurweini Sub County,Mukurwe-ini West Ward,Njoki Dispensary,j4p5DgjNa7v,Njoki Dispensary,10884,AQsTt7jtKbt,MOH 731 On ART_15-19 (F) HV03-033,1,1,
Kenya,Nyeri County,Mukurweini Sub County,Mukurwe-ini West Ward,Njoki Dispensary,j4p5DgjNa7v,Njoki Dispensary,10884,EhZQp3PTA3C,MOH 731 On ART_20-24 (F) HV03-035,,1,2
Kenya,Nyeri County,Mukurweini Sub County,Mukurwe-ini West Ward,Njoki Dispensary,j4p5DgjNa7v,Njoki Dispensary,10884,yNCUlEYkmyA,MOH 731 On ART_25+ (F) HV03-037,54,56,54
Kenya,Nyeri County,Mukurweini Sub County,Mukurwe-ini West Ward,Njoki Dispensary,j4p5DgjNa7v,Njoki Dispensary,10884,pR7VzBydoj3,MOH 731 On ART_25+(M) HV03-036,26,30,30
Kenya,Nyeri County,Nyeri Central Sub County,Rware Ward,Nyeri Provincial General Hospital (PGH),e8KbBUYLOqY,Nyeri Provincial General Hospital (PGH),10903,SJL4k6Gl53C,MOH 731 On ART_<1 HV03-028,,1,2
Kenya,Nyeri County,Nyeri Central Sub County,Rware Ward,Nyeri Provincial General Hospital (PGH),e8KbBUYLOqY,Nyeri Provincial General Hospital (PGH),10903,wbJOu4h2SSz,MOH 731 On ART_1-9 HV03-029,20,20,21
Kenya,Nyeri County,Nyeri Central Sub County,Rware Ward,Nyeri Provincial General Hospital (PGH),e8KbBUYLOqY,Nyeri Provincial General Hospital (PGH),10903,GSEmLUnrvzj,MOH 731 On ART_10-14 (F) HV03-031,6,5,6
Kenya,Nyeri County,Nyeri Central Sub County,Rware Ward,Nyeri Provincial General Hospital (PGH),e8KbBUYLOqY,Nyeri Provincial General Hospital (PGH),10903,Jbu4if6gtDp,MOH 731 On ART_10-14(M) HV03-030,20,18,12
Kenya,Nyeri County,Nyeri Central Sub County,Rware Ward,Nyeri Provincial General Hospital (PGH),e8KbBUYLOqY,Nyeri Provincial General Hospital (PGH),10903,AQsTt7jtKbt,MOH 731 On ART_15-19 (F) HV03-033,33,34,30
Kenya,Nyeri County,Nyeri Central Sub County,Rware Ward,Nyeri Provincial General Hospital (PGH),e8KbBUYLOqY,Nyeri Provincial General Hospital (PGH),10903,oOOnacUi9Jm,MOH 731 On ART_15-19(M) HV03-032,39,40,36
Kenya,Nyeri County,Nyeri Central Sub County,Rware Ward,Nyeri Provincial General Hospital (PGH),e8KbBUYLOqY,Nyeri Provincial General Hospital (PGH),10903,EhZQp3PTA3C,MOH 731 On ART_20-24 (F) HV03-035,57,57,56
Kenya,Nyeri County,Nyeri Central Sub County,Rware Ward,Nyeri Provincial General Hospital (PGH),e8KbBUYLOqY,Nyeri Provincial General Hospital (PGH),10903,e93GKJTHKAX,MOH 731 On ART_20-24(M) HV03-034,52,53,61
Kenya,Nyeri County,Nyeri Central Sub County,Rware Ward,Nyeri Provincial General Hospital (PGH),e8KbBUYLOqY,Nyeri Provincial General Hospital (PGH),10903,yNCUlEYkmyA,MOH 731 On ART_25+ (F) HV03-037,1638,1642,1656
Kenya,Nyeri County,Nyeri Central Sub County,Rware Ward,Nyeri Provincial General Hospital (PGH),e8KbBUYLOqY,Nyeri Provincial General Hospital (PGH),10903,pR7VzBydoj3,MOH 731 On ART_25+(M) HV03-036,688,695,706
Kenya,Nyeri County,Nyeri Central Sub County,Rware Ward,Nyeri Town Health Centre,EddKiEXCXSD,Nyeri Town Health Centre,10905,wbJOu4h2SSz,MOH 731 On ART_1-9 HV03-029,10,10,8
Kenya,Nyeri County,Nyeri Central Sub County,Rware Ward,Nyeri Town Health Centre,EddKiEXCXSD,Nyeri Town Health Centre,10905,GSEmLUnrvzj,MOH 731 On ART_10-14 (F) HV03-031,2,2,5
Kenya,Nyeri County,Nyeri Central Sub County,Rware Ward,Nyeri Town Health Centre,EddKiEXCXSD,Nyeri Town Health Centre,10905,Jbu4if6gtDp,MOH 731 On ART_10-14(M) HV03-030,3,4,3
Kenya,Nyeri County,Nyeri Central Sub County,Rware Ward,Nyeri Town Health Centre,EddKiEXCXSD,Nyeri Town Health Centre,10905,AQsTt7jtKbt,MOH 731 On ART_15-19 (F) HV03-033,3,3,1
Kenya,Nyeri County,Nyeri Central Sub County,Rware Ward,Nyeri Town Health Centre,EddKiEXCXSD,Nyeri Town Health Centre,10905,oOOnacUi9Jm,MOH 731 On ART_15-19(M) HV03-032,,,3
Kenya,Nyeri County,Nyeri Central Sub County,Rware Ward,Nyeri Town Health Centre,EddKiEXCXSD,Nyeri Town Health Centre,10905,EhZQp3PTA3C,MOH 731 On ART_20-24 (F) HV03-035,9,11,2
Kenya,Nyeri County,Nyeri Central Sub County,Rware Ward,Nyeri Town Health Centre,EddKiEXCXSD,Nyeri Town Health Centre,10905,e93GKJTHKAX,MOH 731 On ART_20-24(M) HV03-034,1,1,20
Kenya,Nyeri County,Nyeri Central Sub County,Rware Ward,Nyeri Town Health Centre,EddKiEXCXSD,Nyeri Town Health Centre,10905,yNCUlEYkmyA,MOH 731 On ART_25+ (F) HV03-037,331,354,360
Kenya,Nyeri County,Nyeri Central Sub County,Rware Ward,Nyeri Town Health Centre,EddKiEXCXSD,Nyeri Town Health Centre,10905,pR7VzBydoj3,MOH 731 On ART_25+(M) HV03-036,128,133,135
Kenya,Nyeri County,Nyeri South Sub County,Iria-ini Ward,Othaya Sub County Hospital,AoO1uzcsLs0,Othaya Sub County Hospital,10922,SJL4k6Gl53C,MOH 731 On ART_<1 HV03-028,,1,
Kenya,Nyeri County,Nyeri South Sub County,Iria-ini Ward,Othaya Sub County Hospital,AoO1uzcsLs0,Othaya Sub County Hospital,10922,wbJOu4h2SSz,MOH 731 On ART_1-9 HV03-029,11,11,9
Kenya,Nyeri County,Nyeri South Sub County,Iria-ini Ward,Othaya Sub County Hospital,AoO1uzcsLs0,Othaya Sub County Hospital,10922,GSEmLUnrvzj,MOH 731 On ART_10-14 (F) HV03-031,11,9,10
Kenya,Nyeri County,Nyeri South Sub County,Iria-ini Ward,Othaya Sub County Hospital,AoO1uzcsLs0,Othaya Sub County Hospital,10922,Jbu4if6gtDp,MOH 731 On ART_10-14(M) HV03-030,13,11,8
Kenya,Nyeri County,Nyeri South Sub County,Iria-ini Ward,Othaya Sub County Hospital,AoO1uzcsLs0,Othaya Sub County Hospital,10922,AQsTt7jtKbt,MOH 731 On ART_15-19 (F) HV03-033,33,35,31
Kenya,Nyeri County,Nyeri South Sub County,Iria-ini Ward,Othaya Sub County Hospital,AoO1uzcsLs0,Othaya Sub County Hospital,10922,oOOnacUi9Jm,MOH 731 On ART_15-19(M) HV03-032,22,23,24
Kenya,Nyeri County,Nyeri South Sub County,Iria-ini Ward,Othaya Sub County Hospital,AoO1uzcsLs0,Othaya Sub County Hospital,10922,EhZQp3PTA3C,MOH 731 On ART_20-24 (F) HV03-035,37,40,37
Kenya,Nyeri County,Nyeri South Sub County,Iria-ini Ward,Othaya Sub County Hospital,AoO1uzcsLs0,Othaya Sub County Hospital,10922,e93GKJTHKAX,MOH 731 On ART_20-24(M) HV03-034,32,31,34
Kenya,Nyeri County,Nyeri South Sub County,Iria-ini Ward,Othaya Sub County Hospital,AoO1uzcsLs0,Othaya Sub County Hospital,10922,yNCUlEYkmyA,MOH 731 On ART_25+ (F) HV03-037,957,969,986
Kenya,Nyeri County,Nyeri South Sub County,Iria-ini Ward,Othaya Sub County Hospital,AoO1uzcsLs0,Othaya Sub County Hospital,10922,pR7VzBydoj3,MOH 731 On ART_25+(M) HV03-036,419,419,425
Kenya,Nyeri County,Nyeri Central Sub County,Kamakwa/Mukaro Ward,Outspan Hospital,SuTFIa79qA7,Outspan Hospital,10924,wbJOu4h2SSz,MOH 731 On ART_1-9 HV03-029,2,2,2
Kenya,Nyeri County,Nyeri Central Sub County,Kamakwa/Mukaro Ward,Outspan Hospital,SuTFIa79qA7,Outspan Hospital,10924,GSEmLUnrvzj,MOH 731 On ART_10-14 (F) HV03-031,1,1,1
Kenya,Nyeri County,Nyeri Central Sub County,Kamakwa/Mukaro Ward,Outspan Hospital,SuTFIa79qA7,Outspan Hospital,10924,Jbu4if6gtDp,MOH 731 On ART_10-14(M) HV03-030,1,1,1
Kenya,Nyeri County,Nyeri Central Sub County,Kamakwa/Mukaro Ward,Outspan Hospital,SuTFIa79qA7,Outspan Hospital,10924,AQsTt7jtKbt,MOH 731 On ART_15-19 (F) HV03-033,1,3,1
Kenya,Nyeri County,Nyeri Central Sub County,Kamakwa/Mukaro Ward,Outspan Hospital,SuTFIa79qA7,Outspan Hospital,10924,oOOnacUi9Jm,MOH 731 On ART_15-19(M) HV03-032,3,2,2
Kenya,Nyeri County,Nyeri Central Sub County,Kamakwa/Mukaro Ward,Outspan Hospital,SuTFIa79qA7,Outspan Hospital,10924,EhZQp3PTA3C,MOH 731 On ART_20-24 (F) HV03-035,2,2,2
Kenya,Nyeri County,Nyeri Central Sub County,Kamakwa/Mukaro Ward,Outspan Hospital,SuTFIa79qA7,Outspan Hospital,10924,e93GKJTHKAX,MOH 731 On ART_20-24(M) HV03-034,3,4,4
Kenya,Nyeri County,Nyeri Central Sub County,Kamakwa/Mukaro Ward,Outspan Hospital,SuTFIa79qA7,Outspan Hospital,10924,yNCUlEYkmyA,MOH 731 On ART_25+ (F) HV03-037,207,210,206
Kenya,Nyeri County,Nyeri Central Sub County,Kamakwa/Mukaro Ward,Outspan Hospital,SuTFIa79qA7,Outspan Hospital,10924,pR7VzBydoj3,MOH 731 On ART_25+(M) HV03-036,118,125,117
Kenya,Nyeri County,Mathira West Sub County,Ruguru Ward,Ruguru Health Centre,xziIZlvxiIS,Ruguru Health Centre,18013,wbJOu4h2SSz,MOH 731 On ART_1-9 HV03-029,1,1,1
Kenya,Nyeri County,Mathira West Sub County,Ruguru Ward,Ruguru Health Centre,xziIZlvxiIS,Ruguru Health Centre,18013,GSEmLUnrvzj,MOH 731 On ART_10-14 (F) HV03-031,,1,1
Kenya,Nyeri County,Mathira West Sub County,Ruguru Ward,Ruguru Health Centre,xziIZlvxiIS,Ruguru Health Centre,18013,AQsTt7jtKbt,MOH 731 On ART_15-19 (F) HV03-033,,1,1
Kenya,Nyeri County,Mathira West Sub County,Ruguru Ward,Ruguru Health Centre,xziIZlvxiIS,Ruguru Health Centre,18013,EhZQp3PTA3C,MOH 731 On ART_20-24 (F) HV03-035,2,2,3
Kenya,Nyeri County,Mathira West Sub County,Ruguru Ward,Ruguru Health Centre,xziIZlvxiIS,Ruguru Health Centre,18013,yNCUlEYkmyA,MOH 731 On ART_25+ (F) HV03-037,20,22,24
Kenya,Nyeri County,Mathira West Sub County,Ruguru Ward,Ruguru Health Centre,xziIZlvxiIS,Ruguru Health Centre,18013,pR7VzBydoj3,MOH 731 On ART_25+(M) HV03-036,9,8,8
Kenya,Nyeri County,Kieni West Sub County,Mweiga Ward,St Joseph Brothers,kwrX6KJGFuA,St Joseph Brothers,17576,wbJOu4h2SSz,MOH 731 On ART_1-9 HV03-029,3,3,3
Kenya,Nyeri County,Kieni West Sub County,Mweiga Ward,St Joseph Brothers,kwrX6KJGFuA,St Joseph Brothers,17576,AQsTt7jtKbt,MOH 731 On ART_15-19 (F) HV03-033,1,1,1
Kenya,Nyeri County,Kieni West Sub County,Mweiga Ward,St Joseph Brothers,kwrX6KJGFuA,St Joseph Brothers,17576,oOOnacUi9Jm,MOH 731 On ART_15-19(M) HV03-032,3,1,1
Kenya,Nyeri County,Kieni West Sub County,Mweiga Ward,St Joseph Brothers,kwrX6KJGFuA,St Joseph Brothers,17576,EhZQp3PTA3C,MOH 731 On ART_20-24 (F) HV03-035,4,4,4
Kenya,Nyeri County,Kieni West Sub County,Mweiga Ward,St Joseph Brothers,kwrX6KJGFuA,St Joseph Brothers,17576,e93GKJTHKAX,MOH 731 On ART_20-24(M) HV03-034,2,4,4
Kenya,Nyeri County,Kieni West Sub County,Mweiga Ward,St Joseph Brothers,kwrX6KJGFuA,St Joseph Brothers,17576,yNCUlEYkmyA,MOH 731 On ART_25+ (F) HV03-037,94,96,95
Kenya,Nyeri County,Kieni West Sub County,Mweiga Ward,St Joseph Brothers,kwrX6KJGFuA,St Joseph Brothers,17576,pR7VzBydoj3,MOH 731 On ART_25+(M) HV03-036,45,45,45
Kenya,Nyeri County,Mukurweini Sub County,Mukurwe-ini Central Ward,Thangathi Health Centre,g4svIkkj4LQ,Thangathi Health Centre,11090,wbJOu4h2SSz,MOH 731 On ART_1-9 HV03-029,2,2,3
Kenya,Nyeri County,Mukurweini Sub County,Mukurwe-ini Central Ward,Thangathi Health Centre,g4svIkkj4LQ,Thangathi Health Centre,11090,GSEmLUnrvzj,MOH 731 On ART_10-14 (F) HV03-031,2,2,2
Kenya,Nyeri County,Mukurweini Sub County,Mukurwe-ini Central Ward,Thangathi Health Centre,g4svIkkj4LQ,Thangathi Health Centre,11090,Jbu4if6gtDp,MOH 731 On ART_10-14(M) HV03-030,3,2,3
Kenya,Nyeri County,Mukurweini Sub County,Mukurwe-ini Central Ward,Thangathi Health Centre,g4svIkkj4LQ,Thangathi Health Centre,11090,AQsTt7jtKbt,MOH 731 On ART_15-19 (F) HV03-033,1,1,1
Kenya,Nyeri County,Mukurweini Sub County,Mukurwe-ini Central Ward,Thangathi Health Centre,g4svIkkj4LQ,Thangathi Health Centre,11090,oOOnacUi9Jm,MOH 731 On ART_15-19(M) HV03-032,2,2,2
Kenya,Nyeri County,Mukurweini Sub County,Mukurwe-ini Central Ward,Thangathi Health Centre,g4svIkkj4LQ,Thangathi Health Centre,11090,EhZQp3PTA3C,MOH 731 On ART_20-24 (F) HV03-035,2,2,2
Kenya,Nyeri County,Mukurweini Sub County,Mukurwe-ini Central Ward,Thangathi Health Centre,g4svIkkj4LQ,Thangathi Health Centre,11090,e93GKJTHKAX,MOH 731 On ART_20-24(M) HV03-034,1,1,1
Kenya,Nyeri County,Mukurweini Sub County,Mukurwe-ini Central Ward,Thangathi Health Centre,g4svIkkj4LQ,Thangathi Health Centre,11090,yNCUlEYkmyA,MOH 731 On ART_25+ (F) HV03-037,91,94,97
Kenya,Nyeri County,Mukurweini Sub County,Mukurwe-ini Central Ward,Thangathi Health Centre,g4svIkkj4LQ,Thangathi Health Centre,11090,pR7VzBydoj3,MOH 731 On ART_25+(M) HV03-036,42,42,43
Kenya,Nyeri County,Mathira West Sub County,Kirimukuyu Ward,Tumutumu (PCEA) Hospital,eQ411WldmOy,Tumutumu (PCEA) Hospital,11124,wbJOu4h2SSz,MOH 731 On ART_1-9 HV03-029,7,6,7
Kenya,Nyeri County,Mathira West Sub County,Kirimukuyu Ward,Tumutumu (PCEA) Hospital,eQ411WldmOy,Tumutumu (PCEA) Hospital,11124,GSEmLUnrvzj,MOH 731 On ART_10-14 (F) HV03-031,9,9,8
Kenya,Nyeri County,Mathira West Sub County,Kirimukuyu Ward,Tumutumu (PCEA) Hospital,eQ411WldmOy,Tumutumu (PCEA) Hospital,11124,Jbu4if6gtDp,MOH 731 On ART_10-14(M) HV03-030,4,4,4
Kenya,Nyeri County,Mathira West Sub County,Kirimukuyu Ward,Tumutumu (PCEA) Hospital,eQ411WldmOy,Tumutumu (PCEA) Hospital,11124,AQsTt7jtKbt,MOH 731 On ART_15-19 (F) HV03-033,36,34,29
Kenya,Nyeri County,Mathira West Sub County,Kirimukuyu Ward,Tumutumu (PCEA) Hospital,eQ411WldmOy,Tumutumu (PCEA) Hospital,11124,oOOnacUi9Jm,MOH 731 On ART_15-19(M) HV03-032,27,25,22
Kenya,Nyeri County,Mathira West Sub County,Kirimukuyu Ward,Tumutumu (PCEA) Hospital,eQ411WldmOy,Tumutumu (PCEA) Hospital,11124,EhZQp3PTA3C,MOH 731 On ART_20-24 (F) HV03-035,46,46,44
Kenya,Nyeri County,Mathira West Sub County,Kirimukuyu Ward,Tumutumu (PCEA) Hospital,eQ411WldmOy,Tumutumu (PCEA) Hospital,11124,e93GKJTHKAX,MOH 731 On ART_20-24(M) HV03-034,32,32,31
Kenya,Nyeri County,Mathira West Sub County,Kirimukuyu Ward,Tumutumu (PCEA) Hospital,eQ411WldmOy,Tumutumu (PCEA) Hospital,11124,yNCUlEYkmyA,MOH 731 On ART_25+ (F) HV03-037,1262,1250,1232
Kenya,Nyeri County,Mathira West Sub County,Kirimukuyu Ward,Tumutumu (PCEA) Hospital,eQ411WldmOy,Tumutumu (PCEA) Hospital,11124,pR7VzBydoj3,MOH 731 On ART_25+(M) HV03-036,480,480,469
Kenya,Nyeri County,Tetu Sub County,Wamagana Ward,Wamagana Health Centre,PjOTQQUb94v,Wamagana Health Centre,11161,wbJOu4h2SSz,MOH 731 On ART_1-9 HV03-029,3,3,2
Kenya,Nyeri County,Tetu Sub County,Wamagana Ward,Wamagana Health Centre,PjOTQQUb94v,Wamagana Health Centre,11161,GSEmLUnrvzj,MOH 731 On ART_10-14 (F) HV03-031,5,5,4
Kenya,Nyeri County,Tetu Sub County,Wamagana Ward,Wamagana Health Centre,PjOTQQUb94v,Wamagana Health Centre,11161,Jbu4if6gtDp,MOH 731 On ART_10-14(M) HV03-030,2,2,1
Kenya,Nyeri County,Tetu Sub County,Wamagana Ward,Wamagana Health Centre,PjOTQQUb94v,Wamagana Health Centre,11161,AQsTt7jtKbt,MOH 731 On ART_15-19 (F) HV03-033,9,9,9
Kenya,Nyeri County,Tetu Sub County,Wamagana Ward,Wamagana Health Centre,PjOTQQUb94v,Wamagana Health Centre,11161,oOOnacUi9Jm,MOH 731 On ART_15-19(M) HV03-032,7,7,7
Kenya,Nyeri County,Tetu Sub County,Wamagana Ward,Wamagana Health Centre,PjOTQQUb94v,Wamagana Health Centre,11161,EhZQp3PTA3C,MOH 731 On ART_20-24 (F) HV03-035,18,12,11
Kenya,Nyeri County,Tetu Sub County,Wamagana Ward,Wamagana Health Centre,PjOTQQUb94v,Wamagana Health Centre,11161,e93GKJTHKAX,MOH 731 On ART_20-24(M) HV03-034,1,1,2
Kenya,Nyeri County,Tetu Sub County,Wamagana Ward,Wamagana Health Centre,PjOTQQUb94v,Wamagana Health Centre,11161,yNCUlEYkmyA,MOH 731 On ART_25+ (F) HV03-037,253,247,244
Kenya,Nyeri County,Tetu Sub County,Wamagana Ward,Wamagana Health Centre,PjOTQQUb94v,Wamagana Health Centre,11161,pR7VzBydoj3,MOH 731 On ART_25+(M) HV03-036,127,123,127
Kenya,Nyeri County,Kieni East Sub County,Kabaru Ward,Warazo Rural Health Centre,FlMDRiCxNoC,Warazo Rural Health Centre,11176,wbJOu4h2SSz,MOH 731 On ART_1-9 HV03-029,1,1,1
Kenya,Nyeri County,Kieni East Sub County,Kabaru Ward,Warazo Rural Health Centre,FlMDRiCxNoC,Warazo Rural Health Centre,11176,GSEmLUnrvzj,MOH 731 On ART_10-14 (F) HV03-031,4,3,3
Kenya,Nyeri County,Kieni East Sub County,Kabaru Ward,Warazo Rural Health Centre,FlMDRiCxNoC,Warazo Rural Health Centre,11176,Jbu4if6gtDp,MOH 731 On ART_10-14(M) HV03-030,2,2,2
Kenya,Nyeri County,Kieni East Sub County,Kabaru Ward,Warazo Rural Health Centre,FlMDRiCxNoC,Warazo Rural Health Centre,11176,AQsTt7jtKbt,MOH 731 On ART_15-19 (F) HV03-033,4,5,5
Kenya,Nyeri County,Kieni East Sub County,Kabaru Ward,Warazo Rural Health Centre,FlMDRiCxNoC,Warazo Rural Health Centre,11176,oOOnacUi9Jm,MOH 731 On ART_15-19(M) HV03-032,4,4,4
Kenya,Nyeri County,Kieni East Sub County,Kabaru Ward,Warazo Rural Health Centre,FlMDRiCxNoC,Warazo Rural Health Centre,11176,EhZQp3PTA3C,MOH 731 On ART_20-24 (F) HV03-035,6,5,7
Kenya,Nyeri County,Kieni East Sub County,Kabaru Ward,Warazo Rural Health Centre,FlMDRiCxNoC,Warazo Rural Health Centre,11176,e93GKJTHKAX,MOH 731 On ART_20-24(M) HV03-034,5,5,5
Kenya,Nyeri County,Kieni East Sub County,Kabaru Ward,Warazo Rural Health Centre,FlMDRiCxNoC,Warazo Rural Health Centre,11176,yNCUlEYkmyA,MOH 731 On ART_25+ (F) HV03-037,126,135,139
Kenya,Nyeri County,Kieni East Sub County,Kabaru Ward,Warazo Rural Health Centre,FlMDRiCxNoC,Warazo Rural Health Centre,11176,pR7VzBydoj3,MOH 731 On ART_25+(M) HV03-036,72,69,73
